{
  "type": "FeatureCollection",
  "features": [
    {
      "type": "Feature",
      "properties": {
        "cell_id": "GRID_00_00",
        "row": 0,
        "col": 0,
        "sea_ice_concentration": 100,
        "risk_level": "EXTREME",
        "traversal_penalty": 11.0
      },
      "geometry": {
        "type": "Polygon",
        "coordinates": [
          [
            [
              75.0,
              -70.0
            ],
            [
              75.08,
              -70.0
            ],
            [
              75.08,
              -69.92
            ],
            [
              75.0,
              -69.92
            ],
            [
              75.0,
              -70.0
            ]
          ]
        ]
      }
    },
    {
      "type": "Feature",
      "properties": {
        "cell_id": "GRID_00_01",
        "row": 1,
        "col": 0,
        "sea_ice_concentration": 100,
        "risk_level": "EXTREME",
        "traversal_penalty": 11.0
      },
      "geometry": {
        "type": "Polygon",
        "coordinates": [
          [
            [
              75.0,
              -69.92
            ],
            [
              75.08,
              -69.92
            ],
            [
              75.08,
              -69.84
            ],
            [
              75.0,
              -69.84
            ],
            [
              75.0,
              -69.92
            ]
          ]
        ]
      }
    },
    {
      "type": "Feature",
      "properties": {
        "cell_id": "GRID_00_02",
        "row": 2,
        "col": 0,
        "sea_ice_concentration": 99.5,
        "risk_level": "EXTREME",
        "traversal_penalty": 10.95
      },
      "geometry": {
        "type": "Polygon",
        "coordinates": [
          [
            [
              75.0,
              -69.84
            ],
            [
              75.08,
              -69.84
            ],
            [
              75.08,
              -69.76
            ],
            [
              75.0,
              -69.76
            ],
            [
              75.0,
              -69.84
            ]
          ]
        ]
      }
    },
    {
      "type": "Feature",
      "properties": {
        "cell_id": "GRID_00_03",
        "row": 3,
        "col": 0,
        "sea_ice_concentration": 100,
        "risk_level": "EXTREME",
        "traversal_penalty": 11.0
      },
      "geometry": {
        "type": "Polygon",
        "coordinates": [
          [
            [
              75.0,
              -69.76
            ],
            [
              75.08,
              -69.76
            ],
            [
              75.08,
              -69.68
            ],
            [
              75.0,
              -69.68
            ],
            [
              75.0,
              -69.76
            ]
          ]
        ]
      }
    },
    {
      "type": "Feature",
      "properties": {
        "cell_id": "GRID_00_04",
        "row": 4,
        "col": 0,
        "sea_ice_concentration": 100,
        "risk_level": "EXTREME",
        "traversal_penalty": 11.0
      },
      "geometry": {
        "type": "Polygon",
        "coordinates": [
          [
            [
              75.0,
              -69.68
            ],
            [
              75.08,
              -69.68
            ],
            [
              75.08,
              -69.6
            ],
            [
              75.0,
              -69.6
            ],
            [
              75.0,
              -69.68
            ]
          ]
        ]
      }
    },
    {
      "type": "Feature",
      "properties": {
        "cell_id": "GRID_00_05",
        "row": 5,
        "col": 0,
        "sea_ice_concentration": 100,
        "risk_level": "EXTREME",
        "traversal_penalty": 11.0
      },
      "geometry": {
        "type": "Polygon",
        "coordinates": [
          [
            [
              75.0,
              -69.6
            ],
            [
              75.08,
              -69.6
            ],
            [
              75.08,
              -69.52
            ],
            [
              75.0,
              -69.52
            ],
            [
              75.0,
              -69.6
            ]
          ]
        ]
      }
    },
    {
      "type": "Feature",
      "properties": {
        "cell_id": "GRID_00_06",
        "row": 6,
        "col": 0,
        "sea_ice_concentration": 93.1,
        "risk_level": "EXTREME",
        "traversal_penalty": 10.31
      },
      "geometry": {
        "type": "Polygon",
        "coordinates": [
          [
            [
              75.0,
              -69.52
            ],
            [
              75.08,
              -69.52
            ],
            [
              75.08,
              -69.44
            ],
            [
              75.0,
              -69.44
            ],
            [
              75.0,
              -69.52
            ]
          ]
        ]
      }
    },
    {
      "type": "Feature",
      "properties": {
        "cell_id": "GRID_00_07",
        "row": 7,
        "col": 0,
        "sea_ice_concentration": 100,
        "risk_level": "EXTREME",
        "traversal_penalty": 11.0
      },
      "geometry": {
        "type": "Polygon",
        "coordinates": [
          [
            [
              75.0,
              -69.44
            ],
            [
              75.08,
              -69.44
            ],
            [
              75.08,
              -69.36
            ],
            [
              75.0,
              -69.36
            ],
            [
              75.0,
              -69.44
            ]
          ]
        ]
      }
    },
    {
      "type": "Feature",
      "properties": {
        "cell_id": "GRID_00_08",
        "row": 8,
        "col": 0,
        "sea_ice_concentration": 83.6,
        "risk_level": "EXTREME",
        "traversal_penalty": 9.36
      },
      "geometry": {
        "type": "Polygon",
        "coordinates": [
          [
            [
              75.0,
              -69.36
            ],
            [
              75.08,
              -69.36
            ],
            [
              75.08,
              -69.28
            ],
            [
              75.0,
              -69.28
            ],
            [
              75.0,
              -69.36
            ]
          ]
        ]
      }
    },
    {
      "type": "Feature",
      "properties": {
        "cell_id": "GRID_00_09",
        "row": 9,
        "col": 0,
        "sea_ice_concentration": 75.4,
        "risk_level": "HIGH",
        "traversal_penalty": 8.54
      },
      "geometry": {
        "type": "Polygon",
        "coordinates": [
          [
            [
              75.0,
              -69.28
            ],
            [
              75.08,
              -69.28
            ],
            [
              75.08,
              -69.2
            ],
            [
              75.0,
              -69.2
            ],
            [
              75.0,
              -69.28
            ]
          ]
        ]
      }
    },
    {
      "type": "Feature",
      "properties": {
        "cell_id": "GRID_00_10",
        "row": 10,
        "col": 0,
        "sea_ice_concentration": 69.0,
        "risk_level": "HIGH",
        "traversal_penalty": 7.9
      },
      "geometry": {
        "type": "Polygon",
        "coordinates": [
          [
            [
              75.0,
              -69.2
            ],
            [
              75.08,
              -69.2
            ],
            [
              75.08,
              -69.12
            ],
            [
              75.0,
              -69.12
            ],
            [
              75.0,
              -69.2
            ]
          ]
        ]
      }
    },
    {
      "type": "Feature",
      "properties": {
        "cell_id": "GRID_00_11",
        "row": 11,
        "col": 0,
        "sea_ice_concentration": 80.0,
        "risk_level": "EXTREME",
        "traversal_penalty": 9.0
      },
      "geometry": {
        "type": "Polygon",
        "coordinates": [
          [
            [
              75.0,
              -69.12
            ],
            [
              75.08,
              -69.12
            ],
            [
              75.08,
              -69.04
            ],
            [
              75.0,
              -69.04
            ],
            [
              75.0,
              -69.12
            ]
          ]
        ]
      }
    },
    {
      "type": "Feature",
      "properties": {
        "cell_id": "GRID_00_12",
        "row": 12,
        "col": 0,
        "sea_ice_concentration": 64.5,
        "risk_level": "HIGH",
        "traversal_penalty": 7.45
      },
      "geometry": {
        "type": "Polygon",
        "coordinates": [
          [
            [
              75.0,
              -69.04
            ],
            [
              75.08,
              -69.04
            ],
            [
              75.08,
              -68.96
            ],
            [
              75.0,
              -68.96
            ],
            [
              75.0,
              -69.04
            ]
          ]
        ]
      }
    },
    {
      "type": "Feature",
      "properties": {
        "cell_id": "GRID_00_13",
        "row": 13,
        "col": 0,
        "sea_ice_concentration": 71.0,
        "risk_level": "HIGH",
        "traversal_penalty": 8.1
      },
      "geometry": {
        "type": "Polygon",
        "coordinates": [
          [
            [
              75.0,
              -68.96
            ],
            [
              75.08,
              -68.96
            ],
            [
              75.08,
              -68.88
            ],
            [
              75.0,
              -68.88
            ],
            [
              75.0,
              -68.96
            ]
          ]
        ]
      }
    },
    {
      "type": "Feature",
      "properties": {
        "cell_id": "GRID_00_14",
        "row": 14,
        "col": 0,
        "sea_ice_concentration": 76.5,
        "risk_level": "HIGH",
        "traversal_penalty": 8.65
      },
      "geometry": {
        "type": "Polygon",
        "coordinates": [
          [
            [
              75.0,
              -68.88
            ],
            [
              75.08,
              -68.88
            ],
            [
              75.08,
              -68.8
            ],
            [
              75.0,
              -68.8
            ],
            [
              75.0,
              -68.88
            ]
          ]
        ]
      }
    },
    {
      "type": "Feature",
      "properties": {
        "cell_id": "GRID_00_15",
        "row": 15,
        "col": 0,
        "sea_ice_concentration": 71.9,
        "risk_level": "HIGH",
        "traversal_penalty": 8.19
      },
      "geometry": {
        "type": "Polygon",
        "coordinates": [
          [
            [
              75.0,
              -68.8
            ],
            [
              75.08,
              -68.8
            ],
            [
              75.08,
              -68.72
            ],
            [
              75.0,
              -68.72
            ],
            [
              75.0,
              -68.8
            ]
          ]
        ]
      }
    },
    {
      "type": "Feature",
      "properties": {
        "cell_id": "GRID_00_16",
        "row": 16,
        "col": 0,
        "sea_ice_concentration": 68.7,
        "risk_level": "HIGH",
        "traversal_penalty": 7.87
      },
      "geometry": {
        "type": "Polygon",
        "coordinates": [
          [
            [
              75.0,
              -68.72
            ],
            [
              75.08,
              -68.72
            ],
            [
              75.08,
              -68.64
            ],
            [
              75.0,
              -68.64
            ],
            [
              75.0,
              -68.72
            ]
          ]
        ]
      }
    },
    {
      "type": "Feature",
      "properties": {
        "cell_id": "GRID_00_17",
        "row": 17,
        "col": 0,
        "sea_ice_concentration": 45.1,
        "risk_level": "MEDIUM",
        "traversal_penalty": 5.51
      },
      "geometry": {
        "type": "Polygon",
        "coordinates": [
          [
            [
              75.0,
              -68.64
            ],
            [
              75.08,
              -68.64
            ],
            [
              75.08,
              -68.56
            ],
            [
              75.0,
              -68.56
            ],
            [
              75.0,
              -68.64
            ]
          ]
        ]
      }
    },
    {
      "type": "Feature",
      "properties": {
        "cell_id": "GRID_00_18",
        "row": 18,
        "col": 0,
        "sea_ice_concentration": 60.8,
        "risk_level": "HIGH",
        "traversal_penalty": 7.08
      },
      "geometry": {
        "type": "Polygon",
        "coordinates": [
          [
            [
              75.0,
              -68.56
            ],
            [
              75.08,
              -68.56
            ],
            [
              75.08,
              -68.48
            ],
            [
              75.0,
              -68.48
            ],
            [
              75.0,
              -68.56
            ]
          ]
        ]
      }
    },
    {
      "type": "Feature",
      "properties": {
        "cell_id": "GRID_00_19",
        "row": 19,
        "col": 0,
        "sea_ice_concentration": 36.3,
        "risk_level": "MEDIUM",
        "traversal_penalty": 4.63
      },
      "geometry": {
        "type": "Polygon",
        "coordinates": [
          [
            [
              75.0,
              -68.48
            ],
            [
              75.08,
              -68.48
            ],
            [
              75.08,
              -68.4
            ],
            [
              75.0,
              -68.4
            ],
            [
              75.0,
              -68.48
            ]
          ]
        ]
      }
    },
    {
      "type": "Feature",
      "properties": {
        "cell_id": "GRID_00_20",
        "row": 20,
        "col": 0,
        "sea_ice_concentration": 47.9,
        "risk_level": "MEDIUM",
        "traversal_penalty": 5.79
      },
      "geometry": {
        "type": "Polygon",
        "coordinates": [
          [
            [
              75.0,
              -68.4
            ],
            [
              75.08,
              -68.4
            ],
            [
              75.08,
              -68.32
            ],
            [
              75.0,
              -68.32
            ],
            [
              75.0,
              -68.4
            ]
          ]
        ]
      }
    },
    {
      "type": "Feature",
      "properties": {
        "cell_id": "GRID_00_21",
        "row": 21,
        "col": 0,
        "sea_ice_concentration": 43.9,
        "risk_level": "MEDIUM",
        "traversal_penalty": 5.39
      },
      "geometry": {
        "type": "Polygon",
        "coordinates": [
          [
            [
              75.0,
              -68.32
            ],
            [
              75.08,
              -68.32
            ],
            [
              75.08,
              -68.24
            ],
            [
              75.0,
              -68.24
            ],
            [
              75.0,
              -68.32
            ]
          ]
        ]
      }
    },
    {
      "type": "Feature",
      "properties": {
        "cell_id": "GRID_00_22",
        "row": 22,
        "col": 0,
        "sea_ice_concentration": 43.5,
        "risk_level": "MEDIUM",
        "traversal_penalty": 5.35
      },
      "geometry": {
        "type": "Polygon",
        "coordinates": [
          [
            [
              75.0,
              -68.24
            ],
            [
              75.08,
              -68.24
            ],
            [
              75.08,
              -68.16
            ],
            [
              75.0,
              -68.16
            ],
            [
              75.0,
              -68.24
            ]
          ]
        ]
      }
    },
    {
      "type": "Feature",
      "properties": {
        "cell_id": "GRID_00_23",
        "row": 23,
        "col": 0,
        "sea_ice_concentration": 42.4,
        "risk_level": "MEDIUM",
        "traversal_penalty": 5.24
      },
      "geometry": {
        "type": "Polygon",
        "coordinates": [
          [
            [
              75.0,
              -68.16
            ],
            [
              75.08,
              -68.16
            ],
            [
              75.08,
              -68.08
            ],
            [
              75.0,
              -68.08
            ],
            [
              75.0,
              -68.16
            ]
          ]
        ]
      }
    },
    {
      "type": "Feature",
      "properties": {
        "cell_id": "GRID_00_24",
        "row": 24,
        "col": 0,
        "sea_ice_concentration": 22.3,
        "risk_level": "LOW",
        "traversal_penalty": 3.23
      },
      "geometry": {
        "type": "Polygon",
        "coordinates": [
          [
            [
              75.0,
              -68.08
            ],
            [
              75.08,
              -68.08
            ],
            [
              75.08,
              -68.0
            ],
            [
              75.0,
              -68.0
            ],
            [
              75.0,
              -68.08
            ]
          ]
        ]
      }
    },
    {
      "type": "Feature",
      "properties": {
        "cell_id": "GRID_01_00",
        "row": 0,
        "col": 1,
        "sea_ice_concentration": 96.5,
        "risk_level": "EXTREME",
        "traversal_penalty": 10.65
      },
      "geometry": {
        "type": "Polygon",
        "coordinates": [
          [
            [
              75.08,
              -70.0
            ],
            [
              75.16,
              -70.0
            ],
            [
              75.16,
              -69.92
            ],
            [
              75.08,
              -69.92
            ],
            [
              75.08,
              -70.0
            ]
          ]
        ]
      }
    },
    {
      "type": "Feature",
      "properties": {
        "cell_id": "GRID_01_01",
        "row": 1,
        "col": 1,
        "sea_ice_concentration": 100,
        "risk_level": "EXTREME",
        "traversal_penalty": 11.0
      },
      "geometry": {
        "type": "Polygon",
        "coordinates": [
          [
            [
              75.08,
              -69.92
            ],
            [
              75.16,
              -69.92
            ],
            [
              75.16,
              -69.84
            ],
            [
              75.08,
              -69.84
            ],
            [
              75.08,
              -69.92
            ]
          ]
        ]
      }
    },
    {
      "type": "Feature",
      "properties": {
        "cell_id": "GRID_01_02",
        "row": 2,
        "col": 1,
        "sea_ice_concentration": 100,
        "risk_level": "EXTREME",
        "traversal_penalty": 11.0
      },
      "geometry": {
        "type": "Polygon",
        "coordinates": [
          [
            [
              75.08,
              -69.84
            ],
            [
              75.16,
              -69.84
            ],
            [
              75.16,
              -69.76
            ],
            [
              75.08,
              -69.76
            ],
            [
              75.08,
              -69.84
            ]
          ]
        ]
      }
    },
    {
      "type": "Feature",
      "properties": {
        "cell_id": "GRID_01_03",
        "row": 3,
        "col": 1,
        "sea_ice_concentration": 98.2,
        "risk_level": "EXTREME",
        "traversal_penalty": 10.82
      },
      "geometry": {
        "type": "Polygon",
        "coordinates": [
          [
            [
              75.08,
              -69.76
            ],
            [
              75.16,
              -69.76
            ],
            [
              75.16,
              -69.68
            ],
            [
              75.08,
              -69.68
            ],
            [
              75.08,
              -69.76
            ]
          ]
        ]
      }
    },
    {
      "type": "Feature",
      "properties": {
        "cell_id": "GRID_01_04",
        "row": 4,
        "col": 1,
        "sea_ice_concentration": 93.2,
        "risk_level": "EXTREME",
        "traversal_penalty": 10.32
      },
      "geometry": {
        "type": "Polygon",
        "coordinates": [
          [
            [
              75.08,
              -69.68
            ],
            [
              75.16,
              -69.68
            ],
            [
              75.16,
              -69.6
            ],
            [
              75.08,
              -69.6
            ],
            [
              75.08,
              -69.68
            ]
          ]
        ]
      }
    },
    {
      "type": "Feature",
      "properties": {
        "cell_id": "GRID_01_05",
        "row": 5,
        "col": 1,
        "sea_ice_concentration": 100,
        "risk_level": "EXTREME",
        "traversal_penalty": 11.0
      },
      "geometry": {
        "type": "Polygon",
        "coordinates": [
          [
            [
              75.08,
              -69.6
            ],
            [
              75.16,
              -69.6
            ],
            [
              75.16,
              -69.52
            ],
            [
              75.08,
              -69.52
            ],
            [
              75.08,
              -69.6
            ]
          ]
        ]
      }
    },
    {
      "type": "Feature",
      "properties": {
        "cell_id": "GRID_01_06",
        "row": 6,
        "col": 1,
        "sea_ice_concentration": 83.9,
        "risk_level": "EXTREME",
        "traversal_penalty": 9.39
      },
      "geometry": {
        "type": "Polygon",
        "coordinates": [
          [
            [
              75.08,
              -69.52
            ],
            [
              75.16,
              -69.52
            ],
            [
              75.16,
              -69.44
            ],
            [
              75.08,
              -69.44
            ],
            [
              75.08,
              -69.52
            ]
          ]
        ]
      }
    },
    {
      "type": "Feature",
      "properties": {
        "cell_id": "GRID_01_07",
        "row": 7,
        "col": 1,
        "sea_ice_concentration": 98.2,
        "risk_level": "EXTREME",
        "traversal_penalty": 10.82
      },
      "geometry": {
        "type": "Polygon",
        "coordinates": [
          [
            [
              75.08,
              -69.44
            ],
            [
              75.16,
              -69.44
            ],
            [
              75.16,
              -69.36
            ],
            [
              75.08,
              -69.36
            ],
            [
              75.08,
              -69.44
            ]
          ]
        ]
      }
    },
    {
      "type": "Feature",
      "properties": {
        "cell_id": "GRID_01_08",
        "row": 8,
        "col": 1,
        "sea_ice_concentration": 87.8,
        "risk_level": "EXTREME",
        "traversal_penalty": 9.78
      },
      "geometry": {
        "type": "Polygon",
        "coordinates": [
          [
            [
              75.08,
              -69.36
            ],
            [
              75.16,
              -69.36
            ],
            [
              75.16,
              -69.28
            ],
            [
              75.08,
              -69.28
            ],
            [
              75.08,
              -69.36
            ]
          ]
        ]
      }
    },
    {
      "type": "Feature",
      "properties": {
        "cell_id": "GRID_01_09",
        "row": 9,
        "col": 1,
        "sea_ice_concentration": 77.2,
        "risk_level": "HIGH",
        "traversal_penalty": 8.72
      },
      "geometry": {
        "type": "Polygon",
        "coordinates": [
          [
            [
              75.08,
              -69.28
            ],
            [
              75.16,
              -69.28
            ],
            [
              75.16,
              -69.2
            ],
            [
              75.08,
              -69.2
            ],
            [
              75.08,
              -69.28
            ]
          ]
        ]
      }
    },
    {
      "type": "Feature",
      "properties": {
        "cell_id": "GRID_01_10",
        "row": 10,
        "col": 1,
        "sea_ice_concentration": 90.9,
        "risk_level": "EXTREME",
        "traversal_penalty": 10.09
      },
      "geometry": {
        "type": "Polygon",
        "coordinates": [
          [
            [
              75.08,
              -69.2
            ],
            [
              75.16,
              -69.2
            ],
            [
              75.16,
              -69.12
            ],
            [
              75.08,
              -69.12
            ],
            [
              75.08,
              -69.2
            ]
          ]
        ]
      }
    },
    {
      "type": "Feature",
      "properties": {
        "cell_id": "GRID_01_11",
        "row": 11,
        "col": 1,
        "sea_ice_concentration": 77.2,
        "risk_level": "HIGH",
        "traversal_penalty": 8.72
      },
      "geometry": {
        "type": "Polygon",
        "coordinates": [
          [
            [
              75.08,
              -69.12
            ],
            [
              75.16,
              -69.12
            ],
            [
              75.16,
              -69.04
            ],
            [
              75.08,
              -69.04
            ],
            [
              75.08,
              -69.12
            ]
          ]
        ]
      }
    },
    {
      "type": "Feature",
      "properties": {
        "cell_id": "GRID_01_12",
        "row": 12,
        "col": 1,
        "sea_ice_concentration": 70.8,
        "risk_level": "HIGH",
        "traversal_penalty": 8.08
      },
      "geometry": {
        "type": "Polygon",
        "coordinates": [
          [
            [
              75.08,
              -69.04
            ],
            [
              75.16,
              -69.04
            ],
            [
              75.16,
              -68.96
            ],
            [
              75.08,
              -68.96
            ],
            [
              75.08,
              -69.04
            ]
          ]
        ]
      }
    },
    {
      "type": "Feature",
      "properties": {
        "cell_id": "GRID_01_13",
        "row": 13,
        "col": 1,
        "sea_ice_concentration": 76.5,
        "risk_level": "HIGH",
        "traversal_penalty": 8.65
      },
      "geometry": {
        "type": "Polygon",
        "coordinates": [
          [
            [
              75.08,
              -68.96
            ],
            [
              75.16,
              -68.96
            ],
            [
              75.16,
              -68.88
            ],
            [
              75.08,
              -68.88
            ],
            [
              75.08,
              -68.96
            ]
          ]
        ]
      }
    },
    {
      "type": "Feature",
      "properties": {
        "cell_id": "GRID_01_14",
        "row": 14,
        "col": 1,
        "sea_ice_concentration": 73.8,
        "risk_level": "HIGH",
        "traversal_penalty": 8.38
      },
      "geometry": {
        "type": "Polygon",
        "coordinates": [
          [
            [
              75.08,
              -68.88
            ],
            [
              75.16,
              -68.88
            ],
            [
              75.16,
              -68.8
            ],
            [
              75.08,
              -68.8
            ],
            [
              75.08,
              -68.88
            ]
          ]
        ]
      }
    },
    {
      "type": "Feature",
      "properties": {
        "cell_id": "GRID_01_15",
        "row": 15,
        "col": 1,
        "sea_ice_concentration": 66.2,
        "risk_level": "HIGH",
        "traversal_penalty": 7.62
      },
      "geometry": {
        "type": "Polygon",
        "coordinates": [
          [
            [
              75.08,
              -68.8
            ],
            [
              75.16,
              -68.8
            ],
            [
              75.16,
              -68.72
            ],
            [
              75.08,
              -68.72
            ],
            [
              75.08,
              -68.8
            ]
          ]
        ]
      }
    },
    {
      "type": "Feature",
      "properties": {
        "cell_id": "GRID_01_16",
        "row": 16,
        "col": 1,
        "sea_ice_concentration": 52.5,
        "risk_level": "MEDIUM",
        "traversal_penalty": 6.25
      },
      "geometry": {
        "type": "Polygon",
        "coordinates": [
          [
            [
              75.08,
              -68.72
            ],
            [
              75.16,
              -68.72
            ],
            [
              75.16,
              -68.64
            ],
            [
              75.08,
              -68.64
            ],
            [
              75.08,
              -68.72
            ]
          ]
        ]
      }
    },
    {
      "type": "Feature",
      "properties": {
        "cell_id": "GRID_01_17",
        "row": 17,
        "col": 1,
        "sea_ice_concentration": 45.5,
        "risk_level": "MEDIUM",
        "traversal_penalty": 5.55
      },
      "geometry": {
        "type": "Polygon",
        "coordinates": [
          [
            [
              75.08,
              -68.64
            ],
            [
              75.16,
              -68.64
            ],
            [
              75.16,
              -68.56
            ],
            [
              75.08,
              -68.56
            ],
            [
              75.08,
              -68.64
            ]
          ]
        ]
      }
    },
    {
      "type": "Feature",
      "properties": {
        "cell_id": "GRID_01_18",
        "row": 18,
        "col": 1,
        "sea_ice_concentration": 44.4,
        "risk_level": "MEDIUM",
        "traversal_penalty": 5.44
      },
      "geometry": {
        "type": "Polygon",
        "coordinates": [
          [
            [
              75.08,
              -68.56
            ],
            [
              75.16,
              -68.56
            ],
            [
              75.16,
              -68.48
            ],
            [
              75.08,
              -68.48
            ],
            [
              75.08,
              -68.56
            ]
          ]
        ]
      }
    },
    {
      "type": "Feature",
      "properties": {
        "cell_id": "GRID_01_19",
        "row": 19,
        "col": 1,
        "sea_ice_concentration": 55.9,
        "risk_level": "HIGH",
        "traversal_penalty": 6.59
      },
      "geometry": {
        "type": "Polygon",
        "coordinates": [
          [
            [
              75.08,
              -68.48
            ],
            [
              75.16,
              -68.48
            ],
            [
              75.16,
              -68.4
            ],
            [
              75.08,
              -68.4
            ],
            [
              75.08,
              -68.48
            ]
          ]
        ]
      }
    },
    {
      "type": "Feature",
      "properties": {
        "cell_id": "GRID_01_20",
        "row": 20,
        "col": 1,
        "sea_ice_concentration": 46.0,
        "risk_level": "MEDIUM",
        "traversal_penalty": 5.6
      },
      "geometry": {
        "type": "Polygon",
        "coordinates": [
          [
            [
              75.08,
              -68.4
            ],
            [
              75.16,
              -68.4
            ],
            [
              75.16,
              -68.32
            ],
            [
              75.08,
              -68.32
            ],
            [
              75.08,
              -68.4
            ]
          ]
        ]
      }
    },
    {
      "type": "Feature",
      "properties": {
        "cell_id": "GRID_01_21",
        "row": 21,
        "col": 1,
        "sea_ice_concentration": 37.5,
        "risk_level": "MEDIUM",
        "traversal_penalty": 4.75
      },
      "geometry": {
        "type": "Polygon",
        "coordinates": [
          [
            [
              75.08,
              -68.32
            ],
            [
              75.16,
              -68.32
            ],
            [
              75.16,
              -68.24
            ],
            [
              75.08,
              -68.24
            ],
            [
              75.08,
              -68.32
            ]
          ]
        ]
      }
    },
    {
      "type": "Feature",
      "properties": {
        "cell_id": "GRID_01_22",
        "row": 22,
        "col": 1,
        "sea_ice_concentration": 36.6,
        "risk_level": "MEDIUM",
        "traversal_penalty": 4.66
      },
      "geometry": {
        "type": "Polygon",
        "coordinates": [
          [
            [
              75.08,
              -68.24
            ],
            [
              75.16,
              -68.24
            ],
            [
              75.16,
              -68.16
            ],
            [
              75.08,
              -68.16
            ],
            [
              75.08,
              -68.24
            ]
          ]
        ]
      }
    },
    {
      "type": "Feature",
      "properties": {
        "cell_id": "GRID_01_23",
        "row": 23,
        "col": 1,
        "sea_ice_concentration": 41.2,
        "risk_level": "MEDIUM",
        "traversal_penalty": 5.12
      },
      "geometry": {
        "type": "Polygon",
        "coordinates": [
          [
            [
              75.08,
              -68.16
            ],
            [
              75.16,
              -68.16
            ],
            [
              75.16,
              -68.08
            ],
            [
              75.08,
              -68.08
            ],
            [
              75.08,
              -68.16
            ]
          ]
        ]
      }
    },
    {
      "type": "Feature",
      "properties": {
        "cell_id": "GRID_01_24",
        "row": 24,
        "col": 1,
        "sea_ice_concentration": 18.4,
        "risk_level": "LOW",
        "traversal_penalty": 2.84
      },
      "geometry": {
        "type": "Polygon",
        "coordinates": [
          [
            [
              75.08,
              -68.08
            ],
            [
              75.16,
              -68.08
            ],
            [
              75.16,
              -68.0
            ],
            [
              75.08,
              -68.0
            ],
            [
              75.08,
              -68.08
            ]
          ]
        ]
      }
    },
    {
      "type": "Feature",
      "properties": {
        "cell_id": "GRID_02_00",
        "row": 0,
        "col": 2,
        "sea_ice_concentration": 95.2,
        "risk_level": "EXTREME",
        "traversal_penalty": 10.52
      },
      "geometry": {
        "type": "Polygon",
        "coordinates": [
          [
            [
              75.16,
              -70.0
            ],
            [
              75.24,
              -70.0
            ],
            [
              75.24,
              -69.92
            ],
            [
              75.16,
              -69.92
            ],
            [
              75.16,
              -70.0
            ]
          ]
        ]
      }
    },
    {
      "type": "Feature",
      "properties": {
        "cell_id": "GRID_02_01",
        "row": 1,
        "col": 2,
        "sea_ice_concentration": 98.8,
        "risk_level": "EXTREME",
        "traversal_penalty": 10.88
      },
      "geometry": {
        "type": "Polygon",
        "coordinates": [
          [
            [
              75.16,
              -69.92
            ],
            [
              75.24,
              -69.92
            ],
            [
              75.24,
              -69.84
            ],
            [
              75.16,
              -69.84
            ],
            [
              75.16,
              -69.92
            ]
          ]
        ]
      }
    },
    {
      "type": "Feature",
      "properties": {
        "cell_id": "GRID_02_02",
        "row": 2,
        "col": 2,
        "sea_ice_concentration": 93.6,
        "risk_level": "EXTREME",
        "traversal_penalty": 10.36
      },
      "geometry": {
        "type": "Polygon",
        "coordinates": [
          [
            [
              75.16,
              -69.84
            ],
            [
              75.24,
              -69.84
            ],
            [
              75.24,
              -69.76
            ],
            [
              75.16,
              -69.76
            ],
            [
              75.16,
              -69.84
            ]
          ]
        ]
      }
    },
    {
      "type": "Feature",
      "properties": {
        "cell_id": "GRID_02_03",
        "row": 3,
        "col": 2,
        "sea_ice_concentration": 100,
        "risk_level": "EXTREME",
        "traversal_penalty": 11.0
      },
      "geometry": {
        "type": "Polygon",
        "coordinates": [
          [
            [
              75.16,
              -69.76
            ],
            [
              75.24,
              -69.76
            ],
            [
              75.24,
              -69.68
            ],
            [
              75.16,
              -69.68
            ],
            [
              75.16,
              -69.76
            ]
          ]
        ]
      }
    },
    {
      "type": "Feature",
      "properties": {
        "cell_id": "GRID_02_04",
        "row": 4,
        "col": 2,
        "sea_ice_concentration": 99.2,
        "risk_level": "EXTREME",
        "traversal_penalty": 10.92
      },
      "geometry": {
        "type": "Polygon",
        "coordinates": [
          [
            [
              75.16,
              -69.68
            ],
            [
              75.24,
              -69.68
            ],
            [
              75.24,
              -69.6
            ],
            [
              75.16,
              -69.6
            ],
            [
              75.16,
              -69.68
            ]
          ]
        ]
      }
    },
    {
      "type": "Feature",
      "properties": {
        "cell_id": "GRID_02_05",
        "row": 5,
        "col": 2,
        "sea_ice_concentration": 97.5,
        "risk_level": "EXTREME",
        "traversal_penalty": 10.75
      },
      "geometry": {
        "type": "Polygon",
        "coordinates": [
          [
            [
              75.16,
              -69.6
            ],
            [
              75.24,
              -69.6
            ],
            [
              75.24,
              -69.52
            ],
            [
              75.16,
              -69.52
            ],
            [
              75.16,
              -69.6
            ]
          ]
        ]
      }
    },
    {
      "type": "Feature",
      "properties": {
        "cell_id": "GRID_02_06",
        "row": 6,
        "col": 2,
        "sea_ice_concentration": 97.6,
        "risk_level": "EXTREME",
        "traversal_penalty": 10.76
      },
      "geometry": {
        "type": "Polygon",
        "coordinates": [
          [
            [
              75.16,
              -69.52
            ],
            [
              75.24,
              -69.52
            ],
            [
              75.24,
              -69.44
            ],
            [
              75.16,
              -69.44
            ],
            [
              75.16,
              -69.52
            ]
          ]
        ]
      }
    },
    {
      "type": "Feature",
      "properties": {
        "cell_id": "GRID_02_07",
        "row": 7,
        "col": 2,
        "sea_ice_concentration": 97.4,
        "risk_level": "EXTREME",
        "traversal_penalty": 10.74
      },
      "geometry": {
        "type": "Polygon",
        "coordinates": [
          [
            [
              75.16,
              -69.44
            ],
            [
              75.24,
              -69.44
            ],
            [
              75.24,
              -69.36
            ],
            [
              75.16,
              -69.36
            ],
            [
              75.16,
              -69.44
            ]
          ]
        ]
      }
    },
    {
      "type": "Feature",
      "properties": {
        "cell_id": "GRID_02_08",
        "row": 8,
        "col": 2,
        "sea_ice_concentration": 96.7,
        "risk_level": "EXTREME",
        "traversal_penalty": 10.67
      },
      "geometry": {
        "type": "Polygon",
        "coordinates": [
          [
            [
              75.16,
              -69.36
            ],
            [
              75.24,
              -69.36
            ],
            [
              75.24,
              -69.28
            ],
            [
              75.16,
              -69.28
            ],
            [
              75.16,
              -69.36
            ]
          ]
        ]
      }
    },
    {
      "type": "Feature",
      "properties": {
        "cell_id": "GRID_02_09",
        "row": 9,
        "col": 2,
        "sea_ice_concentration": 77.1,
        "risk_level": "HIGH",
        "traversal_penalty": 8.71
      },
      "geometry": {
        "type": "Polygon",
        "coordinates": [
          [
            [
              75.16,
              -69.28
            ],
            [
              75.24,
              -69.28
            ],
            [
              75.24,
              -69.2
            ],
            [
              75.16,
              -69.2
            ],
            [
              75.16,
              -69.28
            ]
          ]
        ]
      }
    },
    {
      "type": "Feature",
      "properties": {
        "cell_id": "GRID_02_10",
        "row": 10,
        "col": 2,
        "sea_ice_concentration": 73.7,
        "risk_level": "HIGH",
        "traversal_penalty": 8.37
      },
      "geometry": {
        "type": "Polygon",
        "coordinates": [
          [
            [
              75.16,
              -69.2
            ],
            [
              75.24,
              -69.2
            ],
            [
              75.24,
              -69.12
            ],
            [
              75.16,
              -69.12
            ],
            [
              75.16,
              -69.2
            ]
          ]
        ]
      }
    },
    {
      "type": "Feature",
      "properties": {
        "cell_id": "GRID_02_11",
        "row": 11,
        "col": 2,
        "sea_ice_concentration": 86.4,
        "risk_level": "EXTREME",
        "traversal_penalty": 9.64
      },
      "geometry": {
        "type": "Polygon",
        "coordinates": [
          [
            [
              75.16,
              -69.12
            ],
            [
              75.24,
              -69.12
            ],
            [
              75.24,
              -69.04
            ],
            [
              75.16,
              -69.04
            ],
            [
              75.16,
              -69.12
            ]
          ]
        ]
      }
    },
    {
      "type": "Feature",
      "properties": {
        "cell_id": "GRID_02_12",
        "row": 12,
        "col": 2,
        "sea_ice_concentration": 82.3,
        "risk_level": "EXTREME",
        "traversal_penalty": 9.23
      },
      "geometry": {
        "type": "Polygon",
        "coordinates": [
          [
            [
              75.16,
              -69.04
            ],
            [
              75.24,
              -69.04
            ],
            [
              75.24,
              -68.96
            ],
            [
              75.16,
              -68.96
            ],
            [
              75.16,
              -69.04
            ]
          ]
        ]
      }
    },
    {
      "type": "Feature",
      "properties": {
        "cell_id": "GRID_02_13",
        "row": 13,
        "col": 2,
        "sea_ice_concentration": 69.4,
        "risk_level": "HIGH",
        "traversal_penalty": 7.94
      },
      "geometry": {
        "type": "Polygon",
        "coordinates": [
          [
            [
              75.16,
              -68.96
            ],
            [
              75.24,
              -68.96
            ],
            [
              75.24,
              -68.88
            ],
            [
              75.16,
              -68.88
            ],
            [
              75.16,
              -68.96
            ]
          ]
        ]
      }
    },
    {
      "type": "Feature",
      "properties": {
        "cell_id": "GRID_02_14",
        "row": 14,
        "col": 2,
        "sea_ice_concentration": 76.2,
        "risk_level": "HIGH",
        "traversal_penalty": 8.62
      },
      "geometry": {
        "type": "Polygon",
        "coordinates": [
          [
            [
              75.16,
              -68.88
            ],
            [
              75.24,
              -68.88
            ],
            [
              75.24,
              -68.8
            ],
            [
              75.16,
              -68.8
            ],
            [
              75.16,
              -68.88
            ]
          ]
        ]
      }
    },
    {
      "type": "Feature",
      "properties": {
        "cell_id": "GRID_02_15",
        "row": 15,
        "col": 2,
        "sea_ice_concentration": 67.8,
        "risk_level": "HIGH",
        "traversal_penalty": 7.78
      },
      "geometry": {
        "type": "Polygon",
        "coordinates": [
          [
            [
              75.16,
              -68.8
            ],
            [
              75.24,
              -68.8
            ],
            [
              75.24,
              -68.72
            ],
            [
              75.16,
              -68.72
            ],
            [
              75.16,
              -68.8
            ]
          ]
        ]
      }
    },
    {
      "type": "Feature",
      "properties": {
        "cell_id": "GRID_02_16",
        "row": 16,
        "col": 2,
        "sea_ice_concentration": 66.9,
        "risk_level": "HIGH",
        "traversal_penalty": 7.69
      },
      "geometry": {
        "type": "Polygon",
        "coordinates": [
          [
            [
              75.16,
              -68.72
            ],
            [
              75.24,
              -68.72
            ],
            [
              75.24,
              -68.64
            ],
            [
              75.16,
              -68.64
            ],
            [
              75.16,
              -68.72
            ]
          ]
        ]
      }
    },
    {
      "type": "Feature",
      "properties": {
        "cell_id": "GRID_02_17",
        "row": 17,
        "col": 2,
        "sea_ice_concentration": 54.3,
        "risk_level": "MEDIUM",
        "traversal_penalty": 6.43
      },
      "geometry": {
        "type": "Polygon",
        "coordinates": [
          [
            [
              75.16,
              -68.64
            ],
            [
              75.24,
              -68.64
            ],
            [
              75.24,
              -68.56
            ],
            [
              75.16,
              -68.56
            ],
            [
              75.16,
              -68.64
            ]
          ]
        ]
      }
    },
    {
      "type": "Feature",
      "properties": {
        "cell_id": "GRID_02_18",
        "row": 18,
        "col": 2,
        "sea_ice_concentration": 60.1,
        "risk_level": "HIGH",
        "traversal_penalty": 7.01
      },
      "geometry": {
        "type": "Polygon",
        "coordinates": [
          [
            [
              75.16,
              -68.56
            ],
            [
              75.24,
              -68.56
            ],
            [
              75.24,
              -68.48
            ],
            [
              75.16,
              -68.48
            ],
            [
              75.16,
              -68.56
            ]
          ]
        ]
      }
    },
    {
      "type": "Feature",
      "properties": {
        "cell_id": "GRID_02_19",
        "row": 19,
        "col": 2,
        "sea_ice_concentration": 39.3,
        "risk_level": "MEDIUM",
        "traversal_penalty": 4.93
      },
      "geometry": {
        "type": "Polygon",
        "coordinates": [
          [
            [
              75.16,
              -68.48
            ],
            [
              75.24,
              -68.48
            ],
            [
              75.24,
              -68.4
            ],
            [
              75.16,
              -68.4
            ],
            [
              75.16,
              -68.48
            ]
          ]
        ]
      }
    },
    {
      "type": "Feature",
      "properties": {
        "cell_id": "GRID_02_20",
        "row": 20,
        "col": 2,
        "sea_ice_concentration": 41.9,
        "risk_level": "MEDIUM",
        "traversal_penalty": 5.19
      },
      "geometry": {
        "type": "Polygon",
        "coordinates": [
          [
            [
              75.16,
              -68.4
            ],
            [
              75.24,
              -68.4
            ],
            [
              75.24,
              -68.32
            ],
            [
              75.16,
              -68.32
            ],
            [
              75.16,
              -68.4
            ]
          ]
        ]
      }
    },
    {
      "type": "Feature",
      "properties": {
        "cell_id": "GRID_02_21",
        "row": 21,
        "col": 2,
        "sea_ice_concentration": 47.0,
        "risk_level": "MEDIUM",
        "traversal_penalty": 5.7
      },
      "geometry": {
        "type": "Polygon",
        "coordinates": [
          [
            [
              75.16,
              -68.32
            ],
            [
              75.24,
              -68.32
            ],
            [
              75.24,
              -68.24
            ],
            [
              75.16,
              -68.24
            ],
            [
              75.16,
              -68.32
            ]
          ]
        ]
      }
    },
    {
      "type": "Feature",
      "properties": {
        "cell_id": "GRID_02_22",
        "row": 22,
        "col": 2,
        "sea_ice_concentration": 38.3,
        "risk_level": "MEDIUM",
        "traversal_penalty": 4.83
      },
      "geometry": {
        "type": "Polygon",
        "coordinates": [
          [
            [
              75.16,
              -68.24
            ],
            [
              75.24,
              -68.24
            ],
            [
              75.24,
              -68.16
            ],
            [
              75.16,
              -68.16
            ],
            [
              75.16,
              -68.24
            ]
          ]
        ]
      }
    },
    {
      "type": "Feature",
      "properties": {
        "cell_id": "GRID_02_23",
        "row": 23,
        "col": 2,
        "sea_ice_concentration": 34.4,
        "risk_level": "MEDIUM",
        "traversal_penalty": 4.44
      },
      "geometry": {
        "type": "Polygon",
        "coordinates": [
          [
            [
              75.16,
              -68.16
            ],
            [
              75.24,
              -68.16
            ],
            [
              75.24,
              -68.08
            ],
            [
              75.16,
              -68.08
            ],
            [
              75.16,
              -68.16
            ]
          ]
        ]
      }
    },
    {
      "type": "Feature",
      "properties": {
        "cell_id": "GRID_02_24",
        "row": 24,
        "col": 2,
        "sea_ice_concentration": 38.1,
        "risk_level": "MEDIUM",
        "traversal_penalty": 4.81
      },
      "geometry": {
        "type": "Polygon",
        "coordinates": [
          [
            [
              75.16,
              -68.08
            ],
            [
              75.24,
              -68.08
            ],
            [
              75.24,
              -68.0
            ],
            [
              75.16,
              -68.0
            ],
            [
              75.16,
              -68.08
            ]
          ]
        ]
      }
    },
    {
      "type": "Feature",
      "properties": {
        "cell_id": "GRID_03_00",
        "row": 0,
        "col": 3,
        "sea_ice_concentration": 100,
        "risk_level": "EXTREME",
        "traversal_penalty": 11.0
      },
      "geometry": {
        "type": "Polygon",
        "coordinates": [
          [
            [
              75.24,
              -70.0
            ],
            [
              75.32,
              -70.0
            ],
            [
              75.32,
              -69.92
            ],
            [
              75.24,
              -69.92
            ],
            [
              75.24,
              -70.0
            ]
          ]
        ]
      }
    },
    {
      "type": "Feature",
      "properties": {
        "cell_id": "GRID_03_01",
        "row": 1,
        "col": 3,
        "sea_ice_concentration": 98.6,
        "risk_level": "EXTREME",
        "traversal_penalty": 10.86
      },
      "geometry": {
        "type": "Polygon",
        "coordinates": [
          [
            [
              75.24,
              -69.92
            ],
            [
              75.32,
              -69.92
            ],
            [
              75.32,
              -69.84
            ],
            [
              75.24,
              -69.84
            ],
            [
              75.24,
              -69.92
            ]
          ]
        ]
      }
    },
    {
      "type": "Feature",
      "properties": {
        "cell_id": "GRID_03_02",
        "row": 2,
        "col": 3,
        "sea_ice_concentration": 98.5,
        "risk_level": "EXTREME",
        "traversal_penalty": 10.85
      },
      "geometry": {
        "type": "Polygon",
        "coordinates": [
          [
            [
              75.24,
              -69.84
            ],
            [
              75.32,
              -69.84
            ],
            [
              75.32,
              -69.76
            ],
            [
              75.24,
              -69.76
            ],
            [
              75.24,
              -69.84
            ]
          ]
        ]
      }
    },
    {
      "type": "Feature",
      "properties": {
        "cell_id": "GRID_03_03",
        "row": 3,
        "col": 3,
        "sea_ice_concentration": 100,
        "risk_level": "EXTREME",
        "traversal_penalty": 11.0
      },
      "geometry": {
        "type": "Polygon",
        "coordinates": [
          [
            [
              75.24,
              -69.76
            ],
            [
              75.32,
              -69.76
            ],
            [
              75.32,
              -69.68
            ],
            [
              75.24,
              -69.68
            ],
            [
              75.24,
              -69.76
            ]
          ]
        ]
      }
    },
    {
      "type": "Feature",
      "properties": {
        "cell_id": "GRID_03_04",
        "row": 4,
        "col": 3,
        "sea_ice_concentration": 100,
        "risk_level": "EXTREME",
        "traversal_penalty": 11.0
      },
      "geometry": {
        "type": "Polygon",
        "coordinates": [
          [
            [
              75.24,
              -69.68
            ],
            [
              75.32,
              -69.68
            ],
            [
              75.32,
              -69.6
            ],
            [
              75.24,
              -69.6
            ],
            [
              75.24,
              -69.68
            ]
          ]
        ]
      }
    },
    {
      "type": "Feature",
      "properties": {
        "cell_id": "GRID_03_05",
        "row": 5,
        "col": 3,
        "sea_ice_concentration": 88.0,
        "risk_level": "EXTREME",
        "traversal_penalty": 9.8
      },
      "geometry": {
        "type": "Polygon",
        "coordinates": [
          [
            [
              75.24,
              -69.6
            ],
            [
              75.32,
              -69.6
            ],
            [
              75.32,
              -69.52
            ],
            [
              75.24,
              -69.52
            ],
            [
              75.24,
              -69.6
            ]
          ]
        ]
      }
    },
    {
      "type": "Feature",
      "properties": {
        "cell_id": "GRID_03_06",
        "row": 6,
        "col": 3,
        "sea_ice_concentration": 100,
        "risk_level": "EXTREME",
        "traversal_penalty": 11.0
      },
      "geometry": {
        "type": "Polygon",
        "coordinates": [
          [
            [
              75.24,
              -69.52
            ],
            [
              75.32,
              -69.52
            ],
            [
              75.32,
              -69.44
            ],
            [
              75.24,
              -69.44
            ],
            [
              75.24,
              -69.52
            ]
          ]
        ]
      }
    },
    {
      "type": "Feature",
      "properties": {
        "cell_id": "GRID_03_07",
        "row": 7,
        "col": 3,
        "sea_ice_concentration": 92.3,
        "risk_level": "EXTREME",
        "traversal_penalty": 10.23
      },
      "geometry": {
        "type": "Polygon",
        "coordinates": [
          [
            [
              75.24,
              -69.44
            ],
            [
              75.32,
              -69.44
            ],
            [
              75.32,
              -69.36
            ],
            [
              75.24,
              -69.36
            ],
            [
              75.24,
              -69.44
            ]
          ]
        ]
      }
    },
    {
      "type": "Feature",
      "properties": {
        "cell_id": "GRID_03_08",
        "row": 8,
        "col": 3,
        "sea_ice_concentration": 93.0,
        "risk_level": "EXTREME",
        "traversal_penalty": 10.3
      },
      "geometry": {
        "type": "Polygon",
        "coordinates": [
          [
            [
              75.24,
              -69.36
            ],
            [
              75.32,
              -69.36
            ],
            [
              75.32,
              -69.28
            ],
            [
              75.24,
              -69.28
            ],
            [
              75.24,
              -69.36
            ]
          ]
        ]
      }
    },
    {
      "type": "Feature",
      "properties": {
        "cell_id": "GRID_03_09",
        "row": 9,
        "col": 3,
        "sea_ice_concentration": 85.6,
        "risk_level": "EXTREME",
        "traversal_penalty": 9.56
      },
      "geometry": {
        "type": "Polygon",
        "coordinates": [
          [
            [
              75.24,
              -69.28
            ],
            [
              75.32,
              -69.28
            ],
            [
              75.32,
              -69.2
            ],
            [
              75.24,
              -69.2
            ],
            [
              75.24,
              -69.28
            ]
          ]
        ]
      }
    },
    {
      "type": "Feature",
      "properties": {
        "cell_id": "GRID_03_10",
        "row": 10,
        "col": 3,
        "sea_ice_concentration": 73.2,
        "risk_level": "HIGH",
        "traversal_penalty": 8.32
      },
      "geometry": {
        "type": "Polygon",
        "coordinates": [
          [
            [
              75.24,
              -69.2
            ],
            [
              75.32,
              -69.2
            ],
            [
              75.32,
              -69.12
            ],
            [
              75.24,
              -69.12
            ],
            [
              75.24,
              -69.2
            ]
          ]
        ]
      }
    },
    {
      "type": "Feature",
      "properties": {
        "cell_id": "GRID_03_11",
        "row": 11,
        "col": 3,
        "sea_ice_concentration": 81.9,
        "risk_level": "EXTREME",
        "traversal_penalty": 9.19
      },
      "geometry": {
        "type": "Polygon",
        "coordinates": [
          [
            [
              75.24,
              -69.12
            ],
            [
              75.32,
              -69.12
            ],
            [
              75.32,
              -69.04
            ],
            [
              75.24,
              -69.04
            ],
            [
              75.24,
              -69.12
            ]
          ]
        ]
      }
    },
    {
      "type": "Feature",
      "properties": {
        "cell_id": "GRID_03_12",
        "row": 12,
        "col": 3,
        "sea_ice_concentration": 78.0,
        "risk_level": "HIGH",
        "traversal_penalty": 8.8
      },
      "geometry": {
        "type": "Polygon",
        "coordinates": [
          [
            [
              75.24,
              -69.04
            ],
            [
              75.32,
              -69.04
            ],
            [
              75.32,
              -68.96
            ],
            [
              75.24,
              -68.96
            ],
            [
              75.24,
              -69.04
            ]
          ]
        ]
      }
    },
    {
      "type": "Feature",
      "properties": {
        "cell_id": "GRID_03_13",
        "row": 13,
        "col": 3,
        "sea_ice_concentration": 57.9,
        "risk_level": "HIGH",
        "traversal_penalty": 6.79
      },
      "geometry": {
        "type": "Polygon",
        "coordinates": [
          [
            [
              75.24,
              -68.96
            ],
            [
              75.32,
              -68.96
            ],
            [
              75.32,
              -68.88
            ],
            [
              75.24,
              -68.88
            ],
            [
              75.24,
              -68.96
            ]
          ]
        ]
      }
    },
    {
      "type": "Feature",
      "properties": {
        "cell_id": "GRID_03_14",
        "row": 14,
        "col": 3,
        "sea_ice_concentration": 56.7,
        "risk_level": "HIGH",
        "traversal_penalty": 6.67
      },
      "geometry": {
        "type": "Polygon",
        "coordinates": [
          [
            [
              75.24,
              -68.88
            ],
            [
              75.32,
              -68.88
            ],
            [
              75.32,
              -68.8
            ],
            [
              75.24,
              -68.8
            ],
            [
              75.24,
              -68.88
            ]
          ]
        ]
      }
    },
    {
      "type": "Feature",
      "properties": {
        "cell_id": "GRID_03_15",
        "row": 15,
        "col": 3,
        "sea_ice_concentration": 63.1,
        "risk_level": "HIGH",
        "traversal_penalty": 7.31
      },
      "geometry": {
        "type": "Polygon",
        "coordinates": [
          [
            [
              75.24,
              -68.8
            ],
            [
              75.32,
              -68.8
            ],
            [
              75.32,
              -68.72
            ],
            [
              75.24,
              -68.72
            ],
            [
              75.24,
              -68.8
            ]
          ]
        ]
      }
    },
    {
      "type": "Feature",
      "properties": {
        "cell_id": "GRID_03_16",
        "row": 16,
        "col": 3,
        "sea_ice_concentration": 69.7,
        "risk_level": "HIGH",
        "traversal_penalty": 7.97
      },
      "geometry": {
        "type": "Polygon",
        "coordinates": [
          [
            [
              75.24,
              -68.72
            ],
            [
              75.32,
              -68.72
            ],
            [
              75.32,
              -68.64
            ],
            [
              75.24,
              -68.64
            ],
            [
              75.24,
              -68.72
            ]
          ]
        ]
      }
    },
    {
      "type": "Feature",
      "properties": {
        "cell_id": "GRID_03_17",
        "row": 17,
        "col": 3,
        "sea_ice_concentration": 50.0,
        "risk_level": "MEDIUM",
        "traversal_penalty": 6.0
      },
      "geometry": {
        "type": "Polygon",
        "coordinates": [
          [
            [
              75.24,
              -68.64
            ],
            [
              75.32,
              -68.64
            ],
            [
              75.32,
              -68.56
            ],
            [
              75.24,
              -68.56
            ],
            [
              75.24,
              -68.64
            ]
          ]
        ]
      }
    },
    {
      "type": "Feature",
      "properties": {
        "cell_id": "GRID_03_18",
        "row": 18,
        "col": 3,
        "sea_ice_concentration": 62.4,
        "risk_level": "HIGH",
        "traversal_penalty": 7.24
      },
      "geometry": {
        "type": "Polygon",
        "coordinates": [
          [
            [
              75.24,
              -68.56
            ],
            [
              75.32,
              -68.56
            ],
            [
              75.32,
              -68.48
            ],
            [
              75.24,
              -68.48
            ],
            [
              75.24,
              -68.56
            ]
          ]
        ]
      }
    },
    {
      "type": "Feature",
      "properties": {
        "cell_id": "GRID_03_19",
        "row": 19,
        "col": 3,
        "sea_ice_concentration": 47.2,
        "risk_level": "MEDIUM",
        "traversal_penalty": 5.72
      },
      "geometry": {
        "type": "Polygon",
        "coordinates": [
          [
            [
              75.24,
              -68.48
            ],
            [
              75.32,
              -68.48
            ],
            [
              75.32,
              -68.4
            ],
            [
              75.24,
              -68.4
            ],
            [
              75.24,
              -68.48
            ]
          ]
        ]
      }
    },
    {
      "type": "Feature",
      "properties": {
        "cell_id": "GRID_03_20",
        "row": 20,
        "col": 3,
        "sea_ice_concentration": 51.3,
        "risk_level": "MEDIUM",
        "traversal_penalty": 6.13
      },
      "geometry": {
        "type": "Polygon",
        "coordinates": [
          [
            [
              75.24,
              -68.4
            ],
            [
              75.32,
              -68.4
            ],
            [
              75.32,
              -68.32
            ],
            [
              75.24,
              -68.32
            ],
            [
              75.24,
              -68.4
            ]
          ]
        ]
      }
    },
    {
      "type": "Feature",
      "properties": {
        "cell_id": "GRID_03_21",
        "row": 21,
        "col": 3,
        "sea_ice_concentration": 36.6,
        "risk_level": "MEDIUM",
        "traversal_penalty": 4.66
      },
      "geometry": {
        "type": "Polygon",
        "coordinates": [
          [
            [
              75.24,
              -68.32
            ],
            [
              75.32,
              -68.32
            ],
            [
              75.32,
              -68.24
            ],
            [
              75.24,
              -68.24
            ],
            [
              75.24,
              -68.32
            ]
          ]
        ]
      }
    },
    {
      "type": "Feature",
      "properties": {
        "cell_id": "GRID_03_22",
        "row": 22,
        "col": 3,
        "sea_ice_concentration": 36.1,
        "risk_level": "MEDIUM",
        "traversal_penalty": 4.61
      },
      "geometry": {
        "type": "Polygon",
        "coordinates": [
          [
            [
              75.24,
              -68.24
            ],
            [
              75.32,
              -68.24
            ],
            [
              75.32,
              -68.16
            ],
            [
              75.24,
              -68.16
            ],
            [
              75.24,
              -68.24
            ]
          ]
        ]
      }
    },
    {
      "type": "Feature",
      "properties": {
        "cell_id": "GRID_03_23",
        "row": 23,
        "col": 3,
        "sea_ice_concentration": 42.9,
        "risk_level": "MEDIUM",
        "traversal_penalty": 5.29
      },
      "geometry": {
        "type": "Polygon",
        "coordinates": [
          [
            [
              75.24,
              -68.16
            ],
            [
              75.32,
              -68.16
            ],
            [
              75.32,
              -68.08
            ],
            [
              75.24,
              -68.08
            ],
            [
              75.24,
              -68.16
            ]
          ]
        ]
      }
    },
    {
      "type": "Feature",
      "properties": {
        "cell_id": "GRID_03_24",
        "row": 24,
        "col": 3,
        "sea_ice_concentration": 36.7,
        "risk_level": "MEDIUM",
        "traversal_penalty": 4.67
      },
      "geometry": {
        "type": "Polygon",
        "coordinates": [
          [
            [
              75.24,
              -68.08
            ],
            [
              75.32,
              -68.08
            ],
            [
              75.32,
              -68.0
            ],
            [
              75.24,
              -68.0
            ],
            [
              75.24,
              -68.08
            ]
          ]
        ]
      }
    },
    {
      "type": "Feature",
      "properties": {
        "cell_id": "GRID_04_00",
        "row": 0,
        "col": 4,
        "sea_ice_concentration": 88.9,
        "risk_level": "EXTREME",
        "traversal_penalty": 9.89
      },
      "geometry": {
        "type": "Polygon",
        "coordinates": [
          [
            [
              75.32,
              -70.0
            ],
            [
              75.4,
              -70.0
            ],
            [
              75.4,
              -69.92
            ],
            [
              75.32,
              -69.92
            ],
            [
              75.32,
              -70.0
            ]
          ]
        ]
      }
    },
    {
      "type": "Feature",
      "properties": {
        "cell_id": "GRID_04_01",
        "row": 1,
        "col": 4,
        "sea_ice_concentration": 100,
        "risk_level": "EXTREME",
        "traversal_penalty": 11.0
      },
      "geometry": {
        "type": "Polygon",
        "coordinates": [
          [
            [
              75.32,
              -69.92
            ],
            [
              75.4,
              -69.92
            ],
            [
              75.4,
              -69.84
            ],
            [
              75.32,
              -69.84
            ],
            [
              75.32,
              -69.92
            ]
          ]
        ]
      }
    },
    {
      "type": "Feature",
      "properties": {
        "cell_id": "GRID_04_02",
        "row": 2,
        "col": 4,
        "sea_ice_concentration": 98.9,
        "risk_level": "EXTREME",
        "traversal_penalty": 10.89
      },
      "geometry": {
        "type": "Polygon",
        "coordinates": [
          [
            [
              75.32,
              -69.84
            ],
            [
              75.4,
              -69.84
            ],
            [
              75.4,
              -69.76
            ],
            [
              75.32,
              -69.76
            ],
            [
              75.32,
              -69.84
            ]
          ]
        ]
      }
    },
    {
      "type": "Feature",
      "properties": {
        "cell_id": "GRID_04_03",
        "row": 3,
        "col": 4,
        "sea_ice_concentration": 96.8,
        "risk_level": "EXTREME",
        "traversal_penalty": 10.68
      },
      "geometry": {
        "type": "Polygon",
        "coordinates": [
          [
            [
              75.32,
              -69.76
            ],
            [
              75.4,
              -69.76
            ],
            [
              75.4,
              -69.68
            ],
            [
              75.32,
              -69.68
            ],
            [
              75.32,
              -69.76
            ]
          ]
        ]
      }
    },
    {
      "type": "Feature",
      "properties": {
        "cell_id": "GRID_04_04",
        "row": 4,
        "col": 4,
        "sea_ice_concentration": 100,
        "risk_level": "EXTREME",
        "traversal_penalty": 11.0
      },
      "geometry": {
        "type": "Polygon",
        "coordinates": [
          [
            [
              75.32,
              -69.68
            ],
            [
              75.4,
              -69.68
            ],
            [
              75.4,
              -69.6
            ],
            [
              75.32,
              -69.6
            ],
            [
              75.32,
              -69.68
            ]
          ]
        ]
      }
    },
    {
      "type": "Feature",
      "properties": {
        "cell_id": "GRID_04_05",
        "row": 5,
        "col": 4,
        "sea_ice_concentration": 99.5,
        "risk_level": "EXTREME",
        "traversal_penalty": 10.95
      },
      "geometry": {
        "type": "Polygon",
        "coordinates": [
          [
            [
              75.32,
              -69.6
            ],
            [
              75.4,
              -69.6
            ],
            [
              75.4,
              -69.52
            ],
            [
              75.32,
              -69.52
            ],
            [
              75.32,
              -69.6
            ]
          ]
        ]
      }
    },
    {
      "type": "Feature",
      "properties": {
        "cell_id": "GRID_04_06",
        "row": 6,
        "col": 4,
        "sea_ice_concentration": 97.8,
        "risk_level": "EXTREME",
        "traversal_penalty": 10.78
      },
      "geometry": {
        "type": "Polygon",
        "coordinates": [
          [
            [
              75.32,
              -69.52
            ],
            [
              75.4,
              -69.52
            ],
            [
              75.4,
              -69.44
            ],
            [
              75.32,
              -69.44
            ],
            [
              75.32,
              -69.52
            ]
          ]
        ]
      }
    },
    {
      "type": "Feature",
      "properties": {
        "cell_id": "GRID_04_07",
        "row": 7,
        "col": 4,
        "sea_ice_concentration": 87.3,
        "risk_level": "EXTREME",
        "traversal_penalty": 9.73
      },
      "geometry": {
        "type": "Polygon",
        "coordinates": [
          [
            [
              75.32,
              -69.44
            ],
            [
              75.4,
              -69.44
            ],
            [
              75.4,
              -69.36
            ],
            [
              75.32,
              -69.36
            ],
            [
              75.32,
              -69.44
            ]
          ]
        ]
      }
    },
    {
      "type": "Feature",
      "properties": {
        "cell_id": "GRID_04_08",
        "row": 8,
        "col": 4,
        "sea_ice_concentration": 75.8,
        "risk_level": "HIGH",
        "traversal_penalty": 8.58
      },
      "geometry": {
        "type": "Polygon",
        "coordinates": [
          [
            [
              75.32,
              -69.36
            ],
            [
              75.4,
              -69.36
            ],
            [
              75.4,
              -69.28
            ],
            [
              75.32,
              -69.28
            ],
            [
              75.32,
              -69.36
            ]
          ]
        ]
      }
    },
    {
      "type": "Feature",
      "properties": {
        "cell_id": "GRID_04_09",
        "row": 9,
        "col": 4,
        "sea_ice_concentration": 87.4,
        "risk_level": "EXTREME",
        "traversal_penalty": 9.74
      },
      "geometry": {
        "type": "Polygon",
        "coordinates": [
          [
            [
              75.32,
              -69.28
            ],
            [
              75.4,
              -69.28
            ],
            [
              75.4,
              -69.2
            ],
            [
              75.32,
              -69.2
            ],
            [
              75.32,
              -69.28
            ]
          ]
        ]
      }
    },
    {
      "type": "Feature",
      "properties": {
        "cell_id": "GRID_04_10",
        "row": 10,
        "col": 4,
        "sea_ice_concentration": 87.5,
        "risk_level": "EXTREME",
        "traversal_penalty": 9.75
      },
      "geometry": {
        "type": "Polygon",
        "coordinates": [
          [
            [
              75.32,
              -69.2
            ],
            [
              75.4,
              -69.2
            ],
            [
              75.4,
              -69.12
            ],
            [
              75.32,
              -69.12
            ],
            [
              75.32,
              -69.2
            ]
          ]
        ]
      }
    },
    {
      "type": "Feature",
      "properties": {
        "cell_id": "GRID_04_11",
        "row": 11,
        "col": 4,
        "sea_ice_concentration": 80.9,
        "risk_level": "EXTREME",
        "traversal_penalty": 9.09
      },
      "geometry": {
        "type": "Polygon",
        "coordinates": [
          [
            [
              75.32,
              -69.12
            ],
            [
              75.4,
              -69.12
            ],
            [
              75.4,
              -69.04
            ],
            [
              75.32,
              -69.04
            ],
            [
              75.32,
              -69.12
            ]
          ]
        ]
      }
    },
    {
      "type": "Feature",
      "properties": {
        "cell_id": "GRID_04_12",
        "row": 12,
        "col": 4,
        "sea_ice_concentration": 69.2,
        "risk_level": "HIGH",
        "traversal_penalty": 7.92
      },
      "geometry": {
        "type": "Polygon",
        "coordinates": [
          [
            [
              75.32,
              -69.04
            ],
            [
              75.4,
              -69.04
            ],
            [
              75.4,
              -68.96
            ],
            [
              75.32,
              -68.96
            ],
            [
              75.32,
              -69.04
            ]
          ]
        ]
      }
    },
    {
      "type": "Feature",
      "properties": {
        "cell_id": "GRID_04_13",
        "row": 13,
        "col": 4,
        "sea_ice_concentration": 69.3,
        "risk_level": "HIGH",
        "traversal_penalty": 7.93
      },
      "geometry": {
        "type": "Polygon",
        "coordinates": [
          [
            [
              75.32,
              -68.96
            ],
            [
              75.4,
              -68.96
            ],
            [
              75.4,
              -68.88
            ],
            [
              75.32,
              -68.88
            ],
            [
              75.32,
              -68.96
            ]
          ]
        ]
      }
    },
    {
      "type": "Feature",
      "properties": {
        "cell_id": "GRID_04_14",
        "row": 14,
        "col": 4,
        "sea_ice_concentration": 55.0,
        "risk_level": "HIGH",
        "traversal_penalty": 6.5
      },
      "geometry": {
        "type": "Polygon",
        "coordinates": [
          [
            [
              75.32,
              -68.88
            ],
            [
              75.4,
              -68.88
            ],
            [
              75.4,
              -68.8
            ],
            [
              75.32,
              -68.8
            ],
            [
              75.32,
              -68.88
            ]
          ]
        ]
      }
    },
    {
      "type": "Feature",
      "properties": {
        "cell_id": "GRID_04_15",
        "row": 15,
        "col": 4,
        "sea_ice_concentration": 54.2,
        "risk_level": "MEDIUM",
        "traversal_penalty": 6.42
      },
      "geometry": {
        "type": "Polygon",
        "coordinates": [
          [
            [
              75.32,
              -68.8
            ],
            [
              75.4,
              -68.8
            ],
            [
              75.4,
              -68.72
            ],
            [
              75.32,
              -68.72
            ],
            [
              75.32,
              -68.8
            ]
          ]
        ]
      }
    },
    {
      "type": "Feature",
      "properties": {
        "cell_id": "GRID_04_16",
        "row": 16,
        "col": 4,
        "sea_ice_concentration": 59.7,
        "risk_level": "HIGH",
        "traversal_penalty": 6.97
      },
      "geometry": {
        "type": "Polygon",
        "coordinates": [
          [
            [
              75.32,
              -68.72
            ],
            [
              75.4,
              -68.72
            ],
            [
              75.4,
              -68.64
            ],
            [
              75.32,
              -68.64
            ],
            [
              75.32,
              -68.72
            ]
          ]
        ]
      }
    },
    {
      "type": "Feature",
      "properties": {
        "cell_id": "GRID_04_17",
        "row": 17,
        "col": 4,
        "sea_ice_concentration": 61.4,
        "risk_level": "HIGH",
        "traversal_penalty": 7.14
      },
      "geometry": {
        "type": "Polygon",
        "coordinates": [
          [
            [
              75.32,
              -68.64
            ],
            [
              75.4,
              -68.64
            ],
            [
              75.4,
              -68.56
            ],
            [
              75.32,
              -68.56
            ],
            [
              75.32,
              -68.64
            ]
          ]
        ]
      }
    },
    {
      "type": "Feature",
      "properties": {
        "cell_id": "GRID_04_18",
        "row": 18,
        "col": 4,
        "sea_ice_concentration": 45.2,
        "risk_level": "MEDIUM",
        "traversal_penalty": 5.52
      },
      "geometry": {
        "type": "Polygon",
        "coordinates": [
          [
            [
              75.32,
              -68.56
            ],
            [
              75.4,
              -68.56
            ],
            [
              75.4,
              -68.48
            ],
            [
              75.32,
              -68.48
            ],
            [
              75.32,
              -68.56
            ]
          ]
        ]
      }
    },
    {
      "type": "Feature",
      "properties": {
        "cell_id": "GRID_04_19",
        "row": 19,
        "col": 4,
        "sea_ice_concentration": 53.1,
        "risk_level": "MEDIUM",
        "traversal_penalty": 6.31
      },
      "geometry": {
        "type": "Polygon",
        "coordinates": [
          [
            [
              75.32,
              -68.48
            ],
            [
              75.4,
              -68.48
            ],
            [
              75.4,
              -68.4
            ],
            [
              75.32,
              -68.4
            ],
            [
              75.32,
              -68.48
            ]
          ]
        ]
      }
    },
    {
      "type": "Feature",
      "properties": {
        "cell_id": "GRID_04_20",
        "row": 20,
        "col": 4,
        "sea_ice_concentration": 50.5,
        "risk_level": "MEDIUM",
        "traversal_penalty": 6.05
      },
      "geometry": {
        "type": "Polygon",
        "coordinates": [
          [
            [
              75.32,
              -68.4
            ],
            [
              75.4,
              -68.4
            ],
            [
              75.4,
              -68.32
            ],
            [
              75.32,
              -68.32
            ],
            [
              75.32,
              -68.4
            ]
          ]
        ]
      }
    },
    {
      "type": "Feature",
      "properties": {
        "cell_id": "GRID_04_21",
        "row": 21,
        "col": 4,
        "sea_ice_concentration": 43.1,
        "risk_level": "MEDIUM",
        "traversal_penalty": 5.31
      },
      "geometry": {
        "type": "Polygon",
        "coordinates": [
          [
            [
              75.32,
              -68.32
            ],
            [
              75.4,
              -68.32
            ],
            [
              75.4,
              -68.24
            ],
            [
              75.32,
              -68.24
            ],
            [
              75.32,
              -68.32
            ]
          ]
        ]
      }
    },
    {
      "type": "Feature",
      "properties": {
        "cell_id": "GRID_04_22",
        "row": 22,
        "col": 4,
        "sea_ice_concentration": 30.8,
        "risk_level": "MEDIUM",
        "traversal_penalty": 4.08
      },
      "geometry": {
        "type": "Polygon",
        "coordinates": [
          [
            [
              75.32,
              -68.24
            ],
            [
              75.4,
              -68.24
            ],
            [
              75.4,
              -68.16
            ],
            [
              75.32,
              -68.16
            ],
            [
              75.32,
              -68.24
            ]
          ]
        ]
      }
    },
    {
      "type": "Feature",
      "properties": {
        "cell_id": "GRID_04_23",
        "row": 23,
        "col": 4,
        "sea_ice_concentration": 38.1,
        "risk_level": "MEDIUM",
        "traversal_penalty": 4.81
      },
      "geometry": {
        "type": "Polygon",
        "coordinates": [
          [
            [
              75.32,
              -68.16
            ],
            [
              75.4,
              -68.16
            ],
            [
              75.4,
              -68.08
            ],
            [
              75.32,
              -68.08
            ],
            [
              75.32,
              -68.16
            ]
          ]
        ]
      }
    },
    {
      "type": "Feature",
      "properties": {
        "cell_id": "GRID_04_24",
        "row": 24,
        "col": 4,
        "sea_ice_concentration": 35.5,
        "risk_level": "MEDIUM",
        "traversal_penalty": 4.55
      },
      "geometry": {
        "type": "Polygon",
        "coordinates": [
          [
            [
              75.32,
              -68.08
            ],
            [
              75.4,
              -68.08
            ],
            [
              75.4,
              -68.0
            ],
            [
              75.32,
              -68.0
            ],
            [
              75.32,
              -68.08
            ]
          ]
        ]
      }
    },
    {
      "type": "Feature",
      "properties": {
        "cell_id": "GRID_05_00",
        "row": 0,
        "col": 5,
        "sea_ice_concentration": 100,
        "risk_level": "EXTREME",
        "traversal_penalty": 11.0
      },
      "geometry": {
        "type": "Polygon",
        "coordinates": [
          [
            [
              75.4,
              -70.0
            ],
            [
              75.48,
              -70.0
            ],
            [
              75.48,
              -69.92
            ],
            [
              75.4,
              -69.92
            ],
            [
              75.4,
              -70.0
            ]
          ]
        ]
      }
    },
    {
      "type": "Feature",
      "properties": {
        "cell_id": "GRID_05_01",
        "row": 1,
        "col": 5,
        "sea_ice_concentration": 97.5,
        "risk_level": "EXTREME",
        "traversal_penalty": 10.75
      },
      "geometry": {
        "type": "Polygon",
        "coordinates": [
          [
            [
              75.4,
              -69.92
            ],
            [
              75.48,
              -69.92
            ],
            [
              75.48,
              -69.84
            ],
            [
              75.4,
              -69.84
            ],
            [
              75.4,
              -69.92
            ]
          ]
        ]
      }
    },
    {
      "type": "Feature",
      "properties": {
        "cell_id": "GRID_05_02",
        "row": 2,
        "col": 5,
        "sea_ice_concentration": 100,
        "risk_level": "EXTREME",
        "traversal_penalty": 11.0
      },
      "geometry": {
        "type": "Polygon",
        "coordinates": [
          [
            [
              75.4,
              -69.84
            ],
            [
              75.48,
              -69.84
            ],
            [
              75.48,
              -69.76
            ],
            [
              75.4,
              -69.76
            ],
            [
              75.4,
              -69.84
            ]
          ]
        ]
      }
    },
    {
      "type": "Feature",
      "properties": {
        "cell_id": "GRID_05_03",
        "row": 3,
        "col": 5,
        "sea_ice_concentration": 100,
        "risk_level": "EXTREME",
        "traversal_penalty": 11.0
      },
      "geometry": {
        "type": "Polygon",
        "coordinates": [
          [
            [
              75.4,
              -69.76
            ],
            [
              75.48,
              -69.76
            ],
            [
              75.48,
              -69.68
            ],
            [
              75.4,
              -69.68
            ],
            [
              75.4,
              -69.76
            ]
          ]
        ]
      }
    },
    {
      "type": "Feature",
      "properties": {
        "cell_id": "GRID_05_04",
        "row": 4,
        "col": 5,
        "sea_ice_concentration": 91.4,
        "risk_level": "EXTREME",
        "traversal_penalty": 10.14
      },
      "geometry": {
        "type": "Polygon",
        "coordinates": [
          [
            [
              75.4,
              -69.68
            ],
            [
              75.48,
              -69.68
            ],
            [
              75.48,
              -69.6
            ],
            [
              75.4,
              -69.6
            ],
            [
              75.4,
              -69.68
            ]
          ]
        ]
      }
    },
    {
      "type": "Feature",
      "properties": {
        "cell_id": "GRID_05_05",
        "row": 5,
        "col": 5,
        "sea_ice_concentration": 88.7,
        "risk_level": "EXTREME",
        "traversal_penalty": 9.87
      },
      "geometry": {
        "type": "Polygon",
        "coordinates": [
          [
            [
              75.4,
              -69.6
            ],
            [
              75.48,
              -69.6
            ],
            [
              75.48,
              -69.52
            ],
            [
              75.4,
              -69.52
            ],
            [
              75.4,
              -69.6
            ]
          ]
        ]
      }
    },
    {
      "type": "Feature",
      "properties": {
        "cell_id": "GRID_05_06",
        "row": 6,
        "col": 5,
        "sea_ice_concentration": 100,
        "risk_level": "EXTREME",
        "traversal_penalty": 11.0
      },
      "geometry": {
        "type": "Polygon",
        "coordinates": [
          [
            [
              75.4,
              -69.52
            ],
            [
              75.48,
              -69.52
            ],
            [
              75.48,
              -69.44
            ],
            [
              75.4,
              -69.44
            ],
            [
              75.4,
              -69.52
            ]
          ]
        ]
      }
    },
    {
      "type": "Feature",
      "properties": {
        "cell_id": "GRID_05_07",
        "row": 7,
        "col": 5,
        "sea_ice_concentration": 83.6,
        "risk_level": "EXTREME",
        "traversal_penalty": 9.36
      },
      "geometry": {
        "type": "Polygon",
        "coordinates": [
          [
            [
              75.4,
              -69.44
            ],
            [
              75.48,
              -69.44
            ],
            [
              75.48,
              -69.36
            ],
            [
              75.4,
              -69.36
            ],
            [
              75.4,
              -69.44
            ]
          ]
        ]
      }
    },
    {
      "type": "Feature",
      "properties": {
        "cell_id": "GRID_05_08",
        "row": 8,
        "col": 5,
        "sea_ice_concentration": 93.0,
        "risk_level": "EXTREME",
        "traversal_penalty": 10.3
      },
      "geometry": {
        "type": "Polygon",
        "coordinates": [
          [
            [
              75.4,
              -69.36
            ],
            [
              75.48,
              -69.36
            ],
            [
              75.48,
              -69.28
            ],
            [
              75.4,
              -69.28
            ],
            [
              75.4,
              -69.36
            ]
          ]
        ]
      }
    },
    {
      "type": "Feature",
      "properties": {
        "cell_id": "GRID_05_09",
        "row": 9,
        "col": 5,
        "sea_ice_concentration": 93.9,
        "risk_level": "EXTREME",
        "traversal_penalty": 10.39
      },
      "geometry": {
        "type": "Polygon",
        "coordinates": [
          [
            [
              75.4,
              -69.28
            ],
            [
              75.48,
              -69.28
            ],
            [
              75.48,
              -69.2
            ],
            [
              75.4,
              -69.2
            ],
            [
              75.4,
              -69.28
            ]
          ]
        ]
      }
    },
    {
      "type": "Feature",
      "properties": {
        "cell_id": "GRID_05_10",
        "row": 10,
        "col": 5,
        "sea_ice_concentration": 86.6,
        "risk_level": "EXTREME",
        "traversal_penalty": 9.66
      },
      "geometry": {
        "type": "Polygon",
        "coordinates": [
          [
            [
              75.4,
              -69.2
            ],
            [
              75.48,
              -69.2
            ],
            [
              75.48,
              -69.12
            ],
            [
              75.4,
              -69.12
            ],
            [
              75.4,
              -69.2
            ]
          ]
        ]
      }
    },
    {
      "type": "Feature",
      "properties": {
        "cell_id": "GRID_05_11",
        "row": 11,
        "col": 5,
        "sea_ice_concentration": 85.2,
        "risk_level": "EXTREME",
        "traversal_penalty": 9.52
      },
      "geometry": {
        "type": "Polygon",
        "coordinates": [
          [
            [
              75.4,
              -69.12
            ],
            [
              75.48,
              -69.12
            ],
            [
              75.48,
              -69.04
            ],
            [
              75.4,
              -69.04
            ],
            [
              75.4,
              -69.12
            ]
          ]
        ]
      }
    },
    {
      "type": "Feature",
      "properties": {
        "cell_id": "GRID_05_12",
        "row": 12,
        "col": 5,
        "sea_ice_concentration": 62.3,
        "risk_level": "HIGH",
        "traversal_penalty": 7.23
      },
      "geometry": {
        "type": "Polygon",
        "coordinates": [
          [
            [
              75.4,
              -69.04
            ],
            [
              75.48,
              -69.04
            ],
            [
              75.48,
              -68.96
            ],
            [
              75.4,
              -68.96
            ],
            [
              75.4,
              -69.04
            ]
          ]
        ]
      }
    },
    {
      "type": "Feature",
      "properties": {
        "cell_id": "GRID_05_13",
        "row": 13,
        "col": 5,
        "sea_ice_concentration": 59.8,
        "risk_level": "HIGH",
        "traversal_penalty": 6.98
      },
      "geometry": {
        "type": "Polygon",
        "coordinates": [
          [
            [
              75.4,
              -68.96
            ],
            [
              75.48,
              -68.96
            ],
            [
              75.48,
              -68.88
            ],
            [
              75.4,
              -68.88
            ],
            [
              75.4,
              -68.96
            ]
          ]
        ]
      }
    },
    {
      "type": "Feature",
      "properties": {
        "cell_id": "GRID_05_14",
        "row": 14,
        "col": 5,
        "sea_ice_concentration": 59.0,
        "risk_level": "HIGH",
        "traversal_penalty": 6.9
      },
      "geometry": {
        "type": "Polygon",
        "coordinates": [
          [
            [
              75.4,
              -68.88
            ],
            [
              75.48,
              -68.88
            ],
            [
              75.48,
              -68.8
            ],
            [
              75.4,
              -68.8
            ],
            [
              75.4,
              -68.88
            ]
          ]
        ]
      }
    },
    {
      "type": "Feature",
      "properties": {
        "cell_id": "GRID_05_15",
        "row": 15,
        "col": 5,
        "sea_ice_concentration": 63.8,
        "risk_level": "HIGH",
        "traversal_penalty": 7.38
      },
      "geometry": {
        "type": "Polygon",
        "coordinates": [
          [
            [
              75.4,
              -68.8
            ],
            [
              75.48,
              -68.8
            ],
            [
              75.48,
              -68.72
            ],
            [
              75.4,
              -68.72
            ],
            [
              75.4,
              -68.8
            ]
          ]
        ]
      }
    },
    {
      "type": "Feature",
      "properties": {
        "cell_id": "GRID_05_16",
        "row": 16,
        "col": 5,
        "sea_ice_concentration": 49.9,
        "risk_level": "MEDIUM",
        "traversal_penalty": 5.99
      },
      "geometry": {
        "type": "Polygon",
        "coordinates": [
          [
            [
              75.4,
              -68.72
            ],
            [
              75.48,
              -68.72
            ],
            [
              75.48,
              -68.64
            ],
            [
              75.4,
              -68.64
            ],
            [
              75.4,
              -68.72
            ]
          ]
        ]
      }
    },
    {
      "type": "Feature",
      "properties": {
        "cell_id": "GRID_05_17",
        "row": 17,
        "col": 5,
        "sea_ice_concentration": 54.7,
        "risk_level": "MEDIUM",
        "traversal_penalty": 6.47
      },
      "geometry": {
        "type": "Polygon",
        "coordinates": [
          [
            [
              75.4,
              -68.64
            ],
            [
              75.48,
              -68.64
            ],
            [
              75.48,
              -68.56
            ],
            [
              75.4,
              -68.56
            ],
            [
              75.4,
              -68.64
            ]
          ]
        ]
      }
    },
    {
      "type": "Feature",
      "properties": {
        "cell_id": "GRID_05_18",
        "row": 18,
        "col": 5,
        "sea_ice_concentration": 43.9,
        "risk_level": "MEDIUM",
        "traversal_penalty": 5.39
      },
      "geometry": {
        "type": "Polygon",
        "coordinates": [
          [
            [
              75.4,
              -68.56
            ],
            [
              75.48,
              -68.56
            ],
            [
              75.48,
              -68.48
            ],
            [
              75.4,
              -68.48
            ],
            [
              75.4,
              -68.56
            ]
          ]
        ]
      }
    },
    {
      "type": "Feature",
      "properties": {
        "cell_id": "GRID_05_19",
        "row": 19,
        "col": 5,
        "sea_ice_concentration": 54.7,
        "risk_level": "MEDIUM",
        "traversal_penalty": 6.47
      },
      "geometry": {
        "type": "Polygon",
        "coordinates": [
          [
            [
              75.4,
              -68.48
            ],
            [
              75.48,
              -68.48
            ],
            [
              75.48,
              -68.4
            ],
            [
              75.4,
              -68.4
            ],
            [
              75.4,
              -68.48
            ]
          ]
        ]
      }
    },
    {
      "type": "Feature",
      "properties": {
        "cell_id": "GRID_05_20",
        "row": 20,
        "col": 5,
        "sea_ice_concentration": 55.9,
        "risk_level": "HIGH",
        "traversal_penalty": 6.59
      },
      "geometry": {
        "type": "Polygon",
        "coordinates": [
          [
            [
              75.4,
              -68.4
            ],
            [
              75.48,
              -68.4
            ],
            [
              75.48,
              -68.32
            ],
            [
              75.4,
              -68.32
            ],
            [
              75.4,
              -68.4
            ]
          ]
        ]
      }
    },
    {
      "type": "Feature",
      "properties": {
        "cell_id": "GRID_05_21",
        "row": 21,
        "col": 5,
        "sea_ice_concentration": 42.6,
        "risk_level": "MEDIUM",
        "traversal_penalty": 5.26
      },
      "geometry": {
        "type": "Polygon",
        "coordinates": [
          [
            [
              75.4,
              -68.32
            ],
            [
              75.48,
              -68.32
            ],
            [
              75.48,
              -68.24
            ],
            [
              75.4,
              -68.24
            ],
            [
              75.4,
              -68.32
            ]
          ]
        ]
      }
    },
    {
      "type": "Feature",
      "properties": {
        "cell_id": "GRID_05_22",
        "row": 22,
        "col": 5,
        "sea_ice_concentration": 31.7,
        "risk_level": "MEDIUM",
        "traversal_penalty": 4.17
      },
      "geometry": {
        "type": "Polygon",
        "coordinates": [
          [
            [
              75.4,
              -68.24
            ],
            [
              75.48,
              -68.24
            ],
            [
              75.48,
              -68.16
            ],
            [
              75.4,
              -68.16
            ],
            [
              75.4,
              -68.24
            ]
          ]
        ]
      }
    },
    {
      "type": "Feature",
      "properties": {
        "cell_id": "GRID_05_23",
        "row": 23,
        "col": 5,
        "sea_ice_concentration": 25.1,
        "risk_level": "MEDIUM",
        "traversal_penalty": 3.51
      },
      "geometry": {
        "type": "Polygon",
        "coordinates": [
          [
            [
              75.4,
              -68.16
            ],
            [
              75.48,
              -68.16
            ],
            [
              75.48,
              -68.08
            ],
            [
              75.4,
              -68.08
            ],
            [
              75.4,
              -68.16
            ]
          ]
        ]
      }
    },
    {
      "type": "Feature",
      "properties": {
        "cell_id": "GRID_05_24",
        "row": 24,
        "col": 5,
        "sea_ice_concentration": 39.8,
        "risk_level": "MEDIUM",
        "traversal_penalty": 4.98
      },
      "geometry": {
        "type": "Polygon",
        "coordinates": [
          [
            [
              75.4,
              -68.08
            ],
            [
              75.48,
              -68.08
            ],
            [
              75.48,
              -68.0
            ],
            [
              75.4,
              -68.0
            ],
            [
              75.4,
              -68.08
            ]
          ]
        ]
      }
    },
    {
      "type": "Feature",
      "properties": {
        "cell_id": "GRID_06_00",
        "row": 0,
        "col": 6,
        "sea_ice_concentration": 100,
        "risk_level": "EXTREME",
        "traversal_penalty": 11.0
      },
      "geometry": {
        "type": "Polygon",
        "coordinates": [
          [
            [
              75.48,
              -70.0
            ],
            [
              75.56,
              -70.0
            ],
            [
              75.56,
              -69.92
            ],
            [
              75.48,
              -69.92
            ],
            [
              75.48,
              -70.0
            ]
          ]
        ]
      }
    },
    {
      "type": "Feature",
      "properties": {
        "cell_id": "GRID_06_01",
        "row": 1,
        "col": 6,
        "sea_ice_concentration": 100,
        "risk_level": "EXTREME",
        "traversal_penalty": 11.0
      },
      "geometry": {
        "type": "Polygon",
        "coordinates": [
          [
            [
              75.48,
              -69.92
            ],
            [
              75.56,
              -69.92
            ],
            [
              75.56,
              -69.84
            ],
            [
              75.48,
              -69.84
            ],
            [
              75.48,
              -69.92
            ]
          ]
        ]
      }
    },
    {
      "type": "Feature",
      "properties": {
        "cell_id": "GRID_06_02",
        "row": 2,
        "col": 6,
        "sea_ice_concentration": 100,
        "risk_level": "EXTREME",
        "traversal_penalty": 11.0
      },
      "geometry": {
        "type": "Polygon",
        "coordinates": [
          [
            [
              75.48,
              -69.84
            ],
            [
              75.56,
              -69.84
            ],
            [
              75.56,
              -69.76
            ],
            [
              75.48,
              -69.76
            ],
            [
              75.48,
              -69.84
            ]
          ]
        ]
      }
    },
    {
      "type": "Feature",
      "properties": {
        "cell_id": "GRID_06_03",
        "row": 3,
        "col": 6,
        "sea_ice_concentration": 100,
        "risk_level": "EXTREME",
        "traversal_penalty": 11.0
      },
      "geometry": {
        "type": "Polygon",
        "coordinates": [
          [
            [
              75.48,
              -69.76
            ],
            [
              75.56,
              -69.76
            ],
            [
              75.56,
              -69.68
            ],
            [
              75.48,
              -69.68
            ],
            [
              75.48,
              -69.76
            ]
          ]
        ]
      }
    },
    {
      "type": "Feature",
      "properties": {
        "cell_id": "GRID_06_04",
        "row": 4,
        "col": 6,
        "sea_ice_concentration": 97.6,
        "risk_level": "EXTREME",
        "traversal_penalty": 10.76
      },
      "geometry": {
        "type": "Polygon",
        "coordinates": [
          [
            [
              75.48,
              -69.68
            ],
            [
              75.56,
              -69.68
            ],
            [
              75.56,
              -69.6
            ],
            [
              75.48,
              -69.6
            ],
            [
              75.48,
              -69.68
            ]
          ]
        ]
      }
    },
    {
      "type": "Feature",
      "properties": {
        "cell_id": "GRID_06_05",
        "row": 5,
        "col": 6,
        "sea_ice_concentration": 98.9,
        "risk_level": "EXTREME",
        "traversal_penalty": 10.89
      },
      "geometry": {
        "type": "Polygon",
        "coordinates": [
          [
            [
              75.48,
              -69.6
            ],
            [
              75.56,
              -69.6
            ],
            [
              75.56,
              -69.52
            ],
            [
              75.48,
              -69.52
            ],
            [
              75.48,
              -69.6
            ]
          ]
        ]
      }
    },
    {
      "type": "Feature",
      "properties": {
        "cell_id": "GRID_06_06",
        "row": 6,
        "col": 6,
        "sea_ice_concentration": 85.1,
        "risk_level": "EXTREME",
        "traversal_penalty": 9.51
      },
      "geometry": {
        "type": "Polygon",
        "coordinates": [
          [
            [
              75.48,
              -69.52
            ],
            [
              75.56,
              -69.52
            ],
            [
              75.56,
              -69.44
            ],
            [
              75.48,
              -69.44
            ],
            [
              75.48,
              -69.52
            ]
          ]
        ]
      }
    },
    {
      "type": "Feature",
      "properties": {
        "cell_id": "GRID_06_07",
        "row": 7,
        "col": 6,
        "sea_ice_concentration": 92.6,
        "risk_level": "EXTREME",
        "traversal_penalty": 10.26
      },
      "geometry": {
        "type": "Polygon",
        "coordinates": [
          [
            [
              75.48,
              -69.44
            ],
            [
              75.56,
              -69.44
            ],
            [
              75.56,
              -69.36
            ],
            [
              75.48,
              -69.36
            ],
            [
              75.48,
              -69.44
            ]
          ]
        ]
      }
    },
    {
      "type": "Feature",
      "properties": {
        "cell_id": "GRID_06_08",
        "row": 8,
        "col": 6,
        "sea_ice_concentration": 89.3,
        "risk_level": "EXTREME",
        "traversal_penalty": 9.93
      },
      "geometry": {
        "type": "Polygon",
        "coordinates": [
          [
            [
              75.48,
              -69.36
            ],
            [
              75.56,
              -69.36
            ],
            [
              75.56,
              -69.28
            ],
            [
              75.48,
              -69.28
            ],
            [
              75.48,
              -69.36
            ]
          ]
        ]
      }
    },
    {
      "type": "Feature",
      "properties": {
        "cell_id": "GRID_06_09",
        "row": 9,
        "col": 6,
        "sea_ice_concentration": 73.0,
        "risk_level": "HIGH",
        "traversal_penalty": 8.3
      },
      "geometry": {
        "type": "Polygon",
        "coordinates": [
          [
            [
              75.48,
              -69.28
            ],
            [
              75.56,
              -69.28
            ],
            [
              75.56,
              -69.2
            ],
            [
              75.48,
              -69.2
            ],
            [
              75.48,
              -69.28
            ]
          ]
        ]
      }
    },
    {
      "type": "Feature",
      "properties": {
        "cell_id": "GRID_06_10",
        "row": 10,
        "col": 6,
        "sea_ice_concentration": 71.9,
        "risk_level": "HIGH",
        "traversal_penalty": 8.19
      },
      "geometry": {
        "type": "Polygon",
        "coordinates": [
          [
            [
              75.48,
              -69.2
            ],
            [
              75.56,
              -69.2
            ],
            [
              75.56,
              -69.12
            ],
            [
              75.48,
              -69.12
            ],
            [
              75.48,
              -69.2
            ]
          ]
        ]
      }
    },
    {
      "type": "Feature",
      "properties": {
        "cell_id": "GRID_06_11",
        "row": 11,
        "col": 6,
        "sea_ice_concentration": 65.0,
        "risk_level": "HIGH",
        "traversal_penalty": 7.5
      },
      "geometry": {
        "type": "Polygon",
        "coordinates": [
          [
            [
              75.48,
              -69.12
            ],
            [
              75.56,
              -69.12
            ],
            [
              75.56,
              -69.04
            ],
            [
              75.48,
              -69.04
            ],
            [
              75.48,
              -69.12
            ]
          ]
        ]
      }
    },
    {
      "type": "Feature",
      "properties": {
        "cell_id": "GRID_06_12",
        "row": 12,
        "col": 6,
        "sea_ice_concentration": 81.3,
        "risk_level": "EXTREME",
        "traversal_penalty": 9.13
      },
      "geometry": {
        "type": "Polygon",
        "coordinates": [
          [
            [
              75.48,
              -69.04
            ],
            [
              75.56,
              -69.04
            ],
            [
              75.56,
              -68.96
            ],
            [
              75.48,
              -68.96
            ],
            [
              75.48,
              -69.04
            ]
          ]
        ]
      }
    },
    {
      "type": "Feature",
      "properties": {
        "cell_id": "GRID_06_13",
        "row": 13,
        "col": 6,
        "sea_ice_concentration": 58.6,
        "risk_level": "HIGH",
        "traversal_penalty": 6.86
      },
      "geometry": {
        "type": "Polygon",
        "coordinates": [
          [
            [
              75.48,
              -68.96
            ],
            [
              75.56,
              -68.96
            ],
            [
              75.56,
              -68.88
            ],
            [
              75.48,
              -68.88
            ],
            [
              75.48,
              -68.96
            ]
          ]
        ]
      }
    },
    {
      "type": "Feature",
      "properties": {
        "cell_id": "GRID_06_14",
        "row": 14,
        "col": 6,
        "sea_ice_concentration": 67.6,
        "risk_level": "HIGH",
        "traversal_penalty": 7.76
      },
      "geometry": {
        "type": "Polygon",
        "coordinates": [
          [
            [
              75.48,
              -68.88
            ],
            [
              75.56,
              -68.88
            ],
            [
              75.56,
              -68.8
            ],
            [
              75.48,
              -68.8
            ],
            [
              75.48,
              -68.88
            ]
          ]
        ]
      }
    },
    {
      "type": "Feature",
      "properties": {
        "cell_id": "GRID_06_15",
        "row": 15,
        "col": 6,
        "sea_ice_concentration": 53.5,
        "risk_level": "MEDIUM",
        "traversal_penalty": 6.35
      },
      "geometry": {
        "type": "Polygon",
        "coordinates": [
          [
            [
              75.48,
              -68.8
            ],
            [
              75.56,
              -68.8
            ],
            [
              75.56,
              -68.72
            ],
            [
              75.48,
              -68.72
            ],
            [
              75.48,
              -68.8
            ]
          ]
        ]
      }
    },
    {
      "type": "Feature",
      "properties": {
        "cell_id": "GRID_06_16",
        "row": 16,
        "col": 6,
        "sea_ice_concentration": 46.8,
        "risk_level": "MEDIUM",
        "traversal_penalty": 5.68
      },
      "geometry": {
        "type": "Polygon",
        "coordinates": [
          [
            [
              75.48,
              -68.72
            ],
            [
              75.56,
              -68.72
            ],
            [
              75.56,
              -68.64
            ],
            [
              75.48,
              -68.64
            ],
            [
              75.48,
              -68.72
            ]
          ]
        ]
      }
    },
    {
      "type": "Feature",
      "properties": {
        "cell_id": "GRID_06_17",
        "row": 17,
        "col": 6,
        "sea_ice_concentration": 50.2,
        "risk_level": "MEDIUM",
        "traversal_penalty": 6.02
      },
      "geometry": {
        "type": "Polygon",
        "coordinates": [
          [
            [
              75.48,
              -68.64
            ],
            [
              75.56,
              -68.64
            ],
            [
              75.56,
              -68.56
            ],
            [
              75.48,
              -68.56
            ],
            [
              75.48,
              -68.64
            ]
          ]
        ]
      }
    },
    {
      "type": "Feature",
      "properties": {
        "cell_id": "GRID_06_18",
        "row": 18,
        "col": 6,
        "sea_ice_concentration": 59.7,
        "risk_level": "HIGH",
        "traversal_penalty": 6.97
      },
      "geometry": {
        "type": "Polygon",
        "coordinates": [
          [
            [
              75.48,
              -68.56
            ],
            [
              75.56,
              -68.56
            ],
            [
              75.56,
              -68.48
            ],
            [
              75.48,
              -68.48
            ],
            [
              75.48,
              -68.56
            ]
          ]
        ]
      }
    },
    {
      "type": "Feature",
      "properties": {
        "cell_id": "GRID_06_19",
        "row": 19,
        "col": 6,
        "sea_ice_concentration": 42.1,
        "risk_level": "MEDIUM",
        "traversal_penalty": 5.21
      },
      "geometry": {
        "type": "Polygon",
        "coordinates": [
          [
            [
              75.48,
              -68.48
            ],
            [
              75.56,
              -68.48
            ],
            [
              75.56,
              -68.4
            ],
            [
              75.48,
              -68.4
            ],
            [
              75.48,
              -68.48
            ]
          ]
        ]
      }
    },
    {
      "type": "Feature",
      "properties": {
        "cell_id": "GRID_06_20",
        "row": 20,
        "col": 6,
        "sea_ice_concentration": 48.3,
        "risk_level": "MEDIUM",
        "traversal_penalty": 5.83
      },
      "geometry": {
        "type": "Polygon",
        "coordinates": [
          [
            [
              75.48,
              -68.4
            ],
            [
              75.56,
              -68.4
            ],
            [
              75.56,
              -68.32
            ],
            [
              75.48,
              -68.32
            ],
            [
              75.48,
              -68.4
            ]
          ]
        ]
      }
    },
    {
      "type": "Feature",
      "properties": {
        "cell_id": "GRID_06_21",
        "row": 21,
        "col": 6,
        "sea_ice_concentration": 49.4,
        "risk_level": "MEDIUM",
        "traversal_penalty": 5.94
      },
      "geometry": {
        "type": "Polygon",
        "coordinates": [
          [
            [
              75.48,
              -68.32
            ],
            [
              75.56,
              -68.32
            ],
            [
              75.56,
              -68.24
            ],
            [
              75.48,
              -68.24
            ],
            [
              75.48,
              -68.32
            ]
          ]
        ]
      }
    },
    {
      "type": "Feature",
      "properties": {
        "cell_id": "GRID_06_22",
        "row": 22,
        "col": 6,
        "sea_ice_concentration": 46.0,
        "risk_level": "MEDIUM",
        "traversal_penalty": 5.6
      },
      "geometry": {
        "type": "Polygon",
        "coordinates": [
          [
            [
              75.48,
              -68.24
            ],
            [
              75.56,
              -68.24
            ],
            [
              75.56,
              -68.16
            ],
            [
              75.48,
              -68.16
            ],
            [
              75.48,
              -68.24
            ]
          ]
        ]
      }
    },
    {
      "type": "Feature",
      "properties": {
        "cell_id": "GRID_06_23",
        "row": 23,
        "col": 6,
        "sea_ice_concentration": 37.0,
        "risk_level": "MEDIUM",
        "traversal_penalty": 4.7
      },
      "geometry": {
        "type": "Polygon",
        "coordinates": [
          [
            [
              75.48,
              -68.16
            ],
            [
              75.56,
              -68.16
            ],
            [
              75.56,
              -68.08
            ],
            [
              75.48,
              -68.08
            ],
            [
              75.48,
              -68.16
            ]
          ]
        ]
      }
    },
    {
      "type": "Feature",
      "properties": {
        "cell_id": "GRID_06_24",
        "row": 24,
        "col": 6,
        "sea_ice_concentration": 28.6,
        "risk_level": "MEDIUM",
        "traversal_penalty": 3.86
      },
      "geometry": {
        "type": "Polygon",
        "coordinates": [
          [
            [
              75.48,
              -68.08
            ],
            [
              75.56,
              -68.08
            ],
            [
              75.56,
              -68.0
            ],
            [
              75.48,
              -68.0
            ],
            [
              75.48,
              -68.08
            ]
          ]
        ]
      }
    },
    {
      "type": "Feature",
      "properties": {
        "cell_id": "GRID_07_00",
        "row": 0,
        "col": 7,
        "sea_ice_concentration": 100,
        "risk_level": "EXTREME",
        "traversal_penalty": 11.0
      },
      "geometry": {
        "type": "Polygon",
        "coordinates": [
          [
            [
              75.56,
              -70.0
            ],
            [
              75.64,
              -70.0
            ],
            [
              75.64,
              -69.92
            ],
            [
              75.56,
              -69.92
            ],
            [
              75.56,
              -70.0
            ]
          ]
        ]
      }
    },
    {
      "type": "Feature",
      "properties": {
        "cell_id": "GRID_07_01",
        "row": 1,
        "col": 7,
        "sea_ice_concentration": 96.9,
        "risk_level": "EXTREME",
        "traversal_penalty": 10.69
      },
      "geometry": {
        "type": "Polygon",
        "coordinates": [
          [
            [
              75.56,
              -69.92
            ],
            [
              75.64,
              -69.92
            ],
            [
              75.64,
              -69.84
            ],
            [
              75.56,
              -69.84
            ],
            [
              75.56,
              -69.92
            ]
          ]
        ]
      }
    },
    {
      "type": "Feature",
      "properties": {
        "cell_id": "GRID_07_02",
        "row": 2,
        "col": 7,
        "sea_ice_concentration": 92.1,
        "risk_level": "EXTREME",
        "traversal_penalty": 10.21
      },
      "geometry": {
        "type": "Polygon",
        "coordinates": [
          [
            [
              75.56,
              -69.84
            ],
            [
              75.64,
              -69.84
            ],
            [
              75.64,
              -69.76
            ],
            [
              75.56,
              -69.76
            ],
            [
              75.56,
              -69.84
            ]
          ]
        ]
      }
    },
    {
      "type": "Feature",
      "properties": {
        "cell_id": "GRID_07_03",
        "row": 3,
        "col": 7,
        "sea_ice_concentration": 100,
        "risk_level": "EXTREME",
        "traversal_penalty": 11.0
      },
      "geometry": {
        "type": "Polygon",
        "coordinates": [
          [
            [
              75.56,
              -69.76
            ],
            [
              75.64,
              -69.76
            ],
            [
              75.64,
              -69.68
            ],
            [
              75.56,
              -69.68
            ],
            [
              75.56,
              -69.76
            ]
          ]
        ]
      }
    },
    {
      "type": "Feature",
      "properties": {
        "cell_id": "GRID_07_04",
        "row": 4,
        "col": 7,
        "sea_ice_concentration": 100,
        "risk_level": "EXTREME",
        "traversal_penalty": 11.0
      },
      "geometry": {
        "type": "Polygon",
        "coordinates": [
          [
            [
              75.56,
              -69.68
            ],
            [
              75.64,
              -69.68
            ],
            [
              75.64,
              -69.6
            ],
            [
              75.56,
              -69.6
            ],
            [
              75.56,
              -69.68
            ]
          ]
        ]
      }
    },
    {
      "type": "Feature",
      "properties": {
        "cell_id": "GRID_07_05",
        "row": 5,
        "col": 7,
        "sea_ice_concentration": 91.8,
        "risk_level": "EXTREME",
        "traversal_penalty": 10.18
      },
      "geometry": {
        "type": "Polygon",
        "coordinates": [
          [
            [
              75.56,
              -69.6
            ],
            [
              75.64,
              -69.6
            ],
            [
              75.64,
              -69.52
            ],
            [
              75.56,
              -69.52
            ],
            [
              75.56,
              -69.6
            ]
          ]
        ]
      }
    },
    {
      "type": "Feature",
      "properties": {
        "cell_id": "GRID_07_06",
        "row": 6,
        "col": 7,
        "sea_ice_concentration": 90.4,
        "risk_level": "EXTREME",
        "traversal_penalty": 10.04
      },
      "geometry": {
        "type": "Polygon",
        "coordinates": [
          [
            [
              75.56,
              -69.52
            ],
            [
              75.64,
              -69.52
            ],
            [
              75.64,
              -69.44
            ],
            [
              75.56,
              -69.44
            ],
            [
              75.56,
              -69.52
            ]
          ]
        ]
      }
    },
    {
      "type": "Feature",
      "properties": {
        "cell_id": "GRID_07_07",
        "row": 7,
        "col": 7,
        "sea_ice_concentration": 84.7,
        "risk_level": "EXTREME",
        "traversal_penalty": 9.47
      },
      "geometry": {
        "type": "Polygon",
        "coordinates": [
          [
            [
              75.56,
              -69.44
            ],
            [
              75.64,
              -69.44
            ],
            [
              75.64,
              -69.36
            ],
            [
              75.56,
              -69.36
            ],
            [
              75.56,
              -69.44
            ]
          ]
        ]
      }
    },
    {
      "type": "Feature",
      "properties": {
        "cell_id": "GRID_07_08",
        "row": 8,
        "col": 7,
        "sea_ice_concentration": 81.0,
        "risk_level": "EXTREME",
        "traversal_penalty": 9.1
      },
      "geometry": {
        "type": "Polygon",
        "coordinates": [
          [
            [
              75.56,
              -69.36
            ],
            [
              75.64,
              -69.36
            ],
            [
              75.64,
              -69.28
            ],
            [
              75.56,
              -69.28
            ],
            [
              75.56,
              -69.36
            ]
          ]
        ]
      }
    },
    {
      "type": "Feature",
      "properties": {
        "cell_id": "GRID_07_09",
        "row": 9,
        "col": 7,
        "sea_ice_concentration": 93.4,
        "risk_level": "EXTREME",
        "traversal_penalty": 10.34
      },
      "geometry": {
        "type": "Polygon",
        "coordinates": [
          [
            [
              75.56,
              -69.28
            ],
            [
              75.64,
              -69.28
            ],
            [
              75.64,
              -69.2
            ],
            [
              75.56,
              -69.2
            ],
            [
              75.56,
              -69.28
            ]
          ]
        ]
      }
    },
    {
      "type": "Feature",
      "properties": {
        "cell_id": "GRID_07_10",
        "row": 10,
        "col": 7,
        "sea_ice_concentration": 70.3,
        "risk_level": "HIGH",
        "traversal_penalty": 8.03
      },
      "geometry": {
        "type": "Polygon",
        "coordinates": [
          [
            [
              75.56,
              -69.2
            ],
            [
              75.64,
              -69.2
            ],
            [
              75.64,
              -69.12
            ],
            [
              75.56,
              -69.12
            ],
            [
              75.56,
              -69.2
            ]
          ]
        ]
      }
    },
    {
      "type": "Feature",
      "properties": {
        "cell_id": "GRID_07_11",
        "row": 11,
        "col": 7,
        "sea_ice_concentration": 87.1,
        "risk_level": "EXTREME",
        "traversal_penalty": 9.71
      },
      "geometry": {
        "type": "Polygon",
        "coordinates": [
          [
            [
              75.56,
              -69.12
            ],
            [
              75.64,
              -69.12
            ],
            [
              75.64,
              -69.04
            ],
            [
              75.56,
              -69.04
            ],
            [
              75.56,
              -69.12
            ]
          ]
        ]
      }
    },
    {
      "type": "Feature",
      "properties": {
        "cell_id": "GRID_07_12",
        "row": 12,
        "col": 7,
        "sea_ice_concentration": 83.5,
        "risk_level": "EXTREME",
        "traversal_penalty": 9.35
      },
      "geometry": {
        "type": "Polygon",
        "coordinates": [
          [
            [
              75.56,
              -69.04
            ],
            [
              75.64,
              -69.04
            ],
            [
              75.64,
              -68.96
            ],
            [
              75.56,
              -68.96
            ],
            [
              75.56,
              -69.04
            ]
          ]
        ]
      }
    },
    {
      "type": "Feature",
      "properties": {
        "cell_id": "GRID_07_13",
        "row": 13,
        "col": 7,
        "sea_ice_concentration": 79.3,
        "risk_level": "HIGH",
        "traversal_penalty": 8.93
      },
      "geometry": {
        "type": "Polygon",
        "coordinates": [
          [
            [
              75.56,
              -68.96
            ],
            [
              75.64,
              -68.96
            ],
            [
              75.64,
              -68.88
            ],
            [
              75.56,
              -68.88
            ],
            [
              75.56,
              -68.96
            ]
          ]
        ]
      }
    },
    {
      "type": "Feature",
      "properties": {
        "cell_id": "GRID_07_14",
        "row": 14,
        "col": 7,
        "sea_ice_concentration": 58.2,
        "risk_level": "HIGH",
        "traversal_penalty": 6.82
      },
      "geometry": {
        "type": "Polygon",
        "coordinates": [
          [
            [
              75.56,
              -68.88
            ],
            [
              75.64,
              -68.88
            ],
            [
              75.64,
              -68.8
            ],
            [
              75.56,
              -68.8
            ],
            [
              75.56,
              -68.88
            ]
          ]
        ]
      }
    },
    {
      "type": "Feature",
      "properties": {
        "cell_id": "GRID_07_15",
        "row": 15,
        "col": 7,
        "sea_ice_concentration": 57.5,
        "risk_level": "HIGH",
        "traversal_penalty": 6.75
      },
      "geometry": {
        "type": "Polygon",
        "coordinates": [
          [
            [
              75.56,
              -68.8
            ],
            [
              75.64,
              -68.8
            ],
            [
              75.64,
              -68.72
            ],
            [
              75.56,
              -68.72
            ],
            [
              75.56,
              -68.8
            ]
          ]
        ]
      }
    },
    {
      "type": "Feature",
      "properties": {
        "cell_id": "GRID_07_16",
        "row": 16,
        "col": 7,
        "sea_ice_concentration": 58.8,
        "risk_level": "HIGH",
        "traversal_penalty": 6.88
      },
      "geometry": {
        "type": "Polygon",
        "coordinates": [
          [
            [
              75.56,
              -68.72
            ],
            [
              75.64,
              -68.72
            ],
            [
              75.64,
              -68.64
            ],
            [
              75.56,
              -68.64
            ],
            [
              75.56,
              -68.72
            ]
          ]
        ]
      }
    },
    {
      "type": "Feature",
      "properties": {
        "cell_id": "GRID_07_17",
        "row": 17,
        "col": 7,
        "sea_ice_concentration": 63.9,
        "risk_level": "HIGH",
        "traversal_penalty": 7.39
      },
      "geometry": {
        "type": "Polygon",
        "coordinates": [
          [
            [
              75.56,
              -68.64
            ],
            [
              75.64,
              -68.64
            ],
            [
              75.64,
              -68.56
            ],
            [
              75.56,
              -68.56
            ],
            [
              75.56,
              -68.64
            ]
          ]
        ]
      }
    },
    {
      "type": "Feature",
      "properties": {
        "cell_id": "GRID_07_18",
        "row": 18,
        "col": 7,
        "sea_ice_concentration": 40.9,
        "risk_level": "MEDIUM",
        "traversal_penalty": 5.09
      },
      "geometry": {
        "type": "Polygon",
        "coordinates": [
          [
            [
              75.56,
              -68.56
            ],
            [
              75.64,
              -68.56
            ],
            [
              75.64,
              -68.48
            ],
            [
              75.56,
              -68.48
            ],
            [
              75.56,
              -68.56
            ]
          ]
        ]
      }
    },
    {
      "type": "Feature",
      "properties": {
        "cell_id": "GRID_07_19",
        "row": 19,
        "col": 7,
        "sea_ice_concentration": 41.3,
        "risk_level": "MEDIUM",
        "traversal_penalty": 5.13
      },
      "geometry": {
        "type": "Polygon",
        "coordinates": [
          [
            [
              75.56,
              -68.48
            ],
            [
              75.64,
              -68.48
            ],
            [
              75.64,
              -68.4
            ],
            [
              75.56,
              -68.4
            ],
            [
              75.56,
              -68.48
            ]
          ]
        ]
      }
    },
    {
      "type": "Feature",
      "properties": {
        "cell_id": "GRID_07_20",
        "row": 20,
        "col": 7,
        "sea_ice_concentration": 55.2,
        "risk_level": "HIGH",
        "traversal_penalty": 6.52
      },
      "geometry": {
        "type": "Polygon",
        "coordinates": [
          [
            [
              75.56,
              -68.4
            ],
            [
              75.64,
              -68.4
            ],
            [
              75.64,
              -68.32
            ],
            [
              75.56,
              -68.32
            ],
            [
              75.56,
              -68.4
            ]
          ]
        ]
      }
    },
    {
      "type": "Feature",
      "properties": {
        "cell_id": "GRID_07_21",
        "row": 21,
        "col": 7,
        "sea_ice_concentration": 38.4,
        "risk_level": "MEDIUM",
        "traversal_penalty": 4.84
      },
      "geometry": {
        "type": "Polygon",
        "coordinates": [
          [
            [
              75.56,
              -68.32
            ],
            [
              75.64,
              -68.32
            ],
            [
              75.64,
              -68.24
            ],
            [
              75.56,
              -68.24
            ],
            [
              75.56,
              -68.32
            ]
          ]
        ]
      }
    },
    {
      "type": "Feature",
      "properties": {
        "cell_id": "GRID_07_22",
        "row": 22,
        "col": 7,
        "sea_ice_concentration": 47.9,
        "risk_level": "MEDIUM",
        "traversal_penalty": 5.79
      },
      "geometry": {
        "type": "Polygon",
        "coordinates": [
          [
            [
              75.56,
              -68.24
            ],
            [
              75.64,
              -68.24
            ],
            [
              75.64,
              -68.16
            ],
            [
              75.56,
              -68.16
            ],
            [
              75.56,
              -68.24
            ]
          ]
        ]
      }
    },
    {
      "type": "Feature",
      "properties": {
        "cell_id": "GRID_07_23",
        "row": 23,
        "col": 7,
        "sea_ice_concentration": 44.9,
        "risk_level": "MEDIUM",
        "traversal_penalty": 5.49
      },
      "geometry": {
        "type": "Polygon",
        "coordinates": [
          [
            [
              75.56,
              -68.16
            ],
            [
              75.64,
              -68.16
            ],
            [
              75.64,
              -68.08
            ],
            [
              75.56,
              -68.08
            ],
            [
              75.56,
              -68.16
            ]
          ]
        ]
      }
    },
    {
      "type": "Feature",
      "properties": {
        "cell_id": "GRID_07_24",
        "row": 24,
        "col": 7,
        "sea_ice_concentration": 20.2,
        "risk_level": "LOW",
        "traversal_penalty": 3.02
      },
      "geometry": {
        "type": "Polygon",
        "coordinates": [
          [
            [
              75.56,
              -68.08
            ],
            [
              75.64,
              -68.08
            ],
            [
              75.64,
              -68.0
            ],
            [
              75.56,
              -68.0
            ],
            [
              75.56,
              -68.08
            ]
          ]
        ]
      }
    },
    {
      "type": "Feature",
      "properties": {
        "cell_id": "GRID_08_00",
        "row": 0,
        "col": 8,
        "sea_ice_concentration": 100,
        "risk_level": "EXTREME",
        "traversal_penalty": 11.0
      },
      "geometry": {
        "type": "Polygon",
        "coordinates": [
          [
            [
              75.64,
              -70.0
            ],
            [
              75.72,
              -70.0
            ],
            [
              75.72,
              -69.92
            ],
            [
              75.64,
              -69.92
            ],
            [
              75.64,
              -70.0
            ]
          ]
        ]
      }
    },
    {
      "type": "Feature",
      "properties": {
        "cell_id": "GRID_08_01",
        "row": 1,
        "col": 8,
        "sea_ice_concentration": 91.8,
        "risk_level": "EXTREME",
        "traversal_penalty": 10.18
      },
      "geometry": {
        "type": "Polygon",
        "coordinates": [
          [
            [
              75.64,
              -69.92
            ],
            [
              75.72,
              -69.92
            ],
            [
              75.72,
              -69.84
            ],
            [
              75.64,
              -69.84
            ],
            [
              75.64,
              -69.92
            ]
          ]
        ]
      }
    },
    {
      "type": "Feature",
      "properties": {
        "cell_id": "GRID_08_02",
        "row": 2,
        "col": 8,
        "sea_ice_concentration": 100,
        "risk_level": "EXTREME",
        "traversal_penalty": 11.0
      },
      "geometry": {
        "type": "Polygon",
        "coordinates": [
          [
            [
              75.64,
              -69.84
            ],
            [
              75.72,
              -69.84
            ],
            [
              75.72,
              -69.76
            ],
            [
              75.64,
              -69.76
            ],
            [
              75.64,
              -69.84
            ]
          ]
        ]
      }
    },
    {
      "type": "Feature",
      "properties": {
        "cell_id": "GRID_08_03",
        "row": 3,
        "col": 8,
        "sea_ice_concentration": 90.1,
        "risk_level": "EXTREME",
        "traversal_penalty": 10.01
      },
      "geometry": {
        "type": "Polygon",
        "coordinates": [
          [
            [
              75.64,
              -69.76
            ],
            [
              75.72,
              -69.76
            ],
            [
              75.72,
              -69.68
            ],
            [
              75.64,
              -69.68
            ],
            [
              75.64,
              -69.76
            ]
          ]
        ]
      }
    },
    {
      "type": "Feature",
      "properties": {
        "cell_id": "GRID_08_04",
        "row": 4,
        "col": 8,
        "sea_ice_concentration": 93.7,
        "risk_level": "EXTREME",
        "traversal_penalty": 10.37
      },
      "geometry": {
        "type": "Polygon",
        "coordinates": [
          [
            [
              75.64,
              -69.68
            ],
            [
              75.72,
              -69.68
            ],
            [
              75.72,
              -69.6
            ],
            [
              75.64,
              -69.6
            ],
            [
              75.64,
              -69.68
            ]
          ]
        ]
      }
    },
    {
      "type": "Feature",
      "properties": {
        "cell_id": "GRID_08_05",
        "row": 5,
        "col": 8,
        "sea_ice_concentration": 100,
        "risk_level": "EXTREME",
        "traversal_penalty": 11.0
      },
      "geometry": {
        "type": "Polygon",
        "coordinates": [
          [
            [
              75.64,
              -69.6
            ],
            [
              75.72,
              -69.6
            ],
            [
              75.72,
              -69.52
            ],
            [
              75.64,
              -69.52
            ],
            [
              75.64,
              -69.6
            ]
          ]
        ]
      }
    },
    {
      "type": "Feature",
      "properties": {
        "cell_id": "GRID_08_06",
        "row": 6,
        "col": 8,
        "sea_ice_concentration": 100,
        "risk_level": "EXTREME",
        "traversal_penalty": 11.0
      },
      "geometry": {
        "type": "Polygon",
        "coordinates": [
          [
            [
              75.64,
              -69.52
            ],
            [
              75.72,
              -69.52
            ],
            [
              75.72,
              -69.44
            ],
            [
              75.64,
              -69.44
            ],
            [
              75.64,
              -69.52
            ]
          ]
        ]
      }
    },
    {
      "type": "Feature",
      "properties": {
        "cell_id": "GRID_08_07",
        "row": 7,
        "col": 8,
        "sea_ice_concentration": 92.2,
        "risk_level": "EXTREME",
        "traversal_penalty": 10.22
      },
      "geometry": {
        "type": "Polygon",
        "coordinates": [
          [
            [
              75.64,
              -69.44
            ],
            [
              75.72,
              -69.44
            ],
            [
              75.72,
              -69.36
            ],
            [
              75.64,
              -69.36
            ],
            [
              75.64,
              -69.44
            ]
          ]
        ]
      }
    },
    {
      "type": "Feature",
      "properties": {
        "cell_id": "GRID_08_08",
        "row": 8,
        "col": 8,
        "sea_ice_concentration": 90.6,
        "risk_level": "EXTREME",
        "traversal_penalty": 10.06
      },
      "geometry": {
        "type": "Polygon",
        "coordinates": [
          [
            [
              75.64,
              -69.36
            ],
            [
              75.72,
              -69.36
            ],
            [
              75.72,
              -69.28
            ],
            [
              75.64,
              -69.28
            ],
            [
              75.64,
              -69.36
            ]
          ]
        ]
      }
    },
    {
      "type": "Feature",
      "properties": {
        "cell_id": "GRID_08_09",
        "row": 9,
        "col": 8,
        "sea_ice_concentration": 78.2,
        "risk_level": "HIGH",
        "traversal_penalty": 8.82
      },
      "geometry": {
        "type": "Polygon",
        "coordinates": [
          [
            [
              75.64,
              -69.28
            ],
            [
              75.72,
              -69.28
            ],
            [
              75.72,
              -69.2
            ],
            [
              75.64,
              -69.2
            ],
            [
              75.64,
              -69.28
            ]
          ]
        ]
      }
    },
    {
      "type": "Feature",
      "properties": {
        "cell_id": "GRID_08_10",
        "row": 10,
        "col": 8,
        "sea_ice_concentration": 84.2,
        "risk_level": "EXTREME",
        "traversal_penalty": 9.42
      },
      "geometry": {
        "type": "Polygon",
        "coordinates": [
          [
            [
              75.64,
              -69.2
            ],
            [
              75.72,
              -69.2
            ],
            [
              75.72,
              -69.12
            ],
            [
              75.64,
              -69.12
            ],
            [
              75.64,
              -69.2
            ]
          ]
        ]
      }
    },
    {
      "type": "Feature",
      "properties": {
        "cell_id": "GRID_08_11",
        "row": 11,
        "col": 8,
        "sea_ice_concentration": 72.8,
        "risk_level": "HIGH",
        "traversal_penalty": 8.28
      },
      "geometry": {
        "type": "Polygon",
        "coordinates": [
          [
            [
              75.64,
              -69.12
            ],
            [
              75.72,
              -69.12
            ],
            [
              75.72,
              -69.04
            ],
            [
              75.64,
              -69.04
            ],
            [
              75.64,
              -69.12
            ]
          ]
        ]
      }
    },
    {
      "type": "Feature",
      "properties": {
        "cell_id": "GRID_08_12",
        "row": 12,
        "col": 8,
        "sea_ice_concentration": 72.3,
        "risk_level": "HIGH",
        "traversal_penalty": 8.23
      },
      "geometry": {
        "type": "Polygon",
        "coordinates": [
          [
            [
              75.64,
              -69.04
            ],
            [
              75.72,
              -69.04
            ],
            [
              75.72,
              -68.96
            ],
            [
              75.64,
              -68.96
            ],
            [
              75.64,
              -69.04
            ]
          ]
        ]
      }
    },
    {
      "type": "Feature",
      "properties": {
        "cell_id": "GRID_08_13",
        "row": 13,
        "col": 8,
        "sea_ice_concentration": 69.5,
        "risk_level": "HIGH",
        "traversal_penalty": 7.95
      },
      "geometry": {
        "type": "Polygon",
        "coordinates": [
          [
            [
              75.64,
              -68.96
            ],
            [
              75.72,
              -68.96
            ],
            [
              75.72,
              -68.88
            ],
            [
              75.64,
              -68.88
            ],
            [
              75.64,
              -68.96
            ]
          ]
        ]
      }
    },
    {
      "type": "Feature",
      "properties": {
        "cell_id": "GRID_08_14",
        "row": 14,
        "col": 8,
        "sea_ice_concentration": 76.5,
        "risk_level": "HIGH",
        "traversal_penalty": 8.65
      },
      "geometry": {
        "type": "Polygon",
        "coordinates": [
          [
            [
              75.64,
              -68.88
            ],
            [
              75.72,
              -68.88
            ],
            [
              75.72,
              -68.8
            ],
            [
              75.64,
              -68.8
            ],
            [
              75.64,
              -68.88
            ]
          ]
        ]
      }
    },
    {
      "type": "Feature",
      "properties": {
        "cell_id": "GRID_08_15",
        "row": 15,
        "col": 8,
        "sea_ice_concentration": 70.5,
        "risk_level": "HIGH",
        "traversal_penalty": 8.05
      },
      "geometry": {
        "type": "Polygon",
        "coordinates": [
          [
            [
              75.64,
              -68.8
            ],
            [
              75.72,
              -68.8
            ],
            [
              75.72,
              -68.72
            ],
            [
              75.64,
              -68.72
            ],
            [
              75.64,
              -68.8
            ]
          ]
        ]
      }
    },
    {
      "type": "Feature",
      "properties": {
        "cell_id": "GRID_08_16",
        "row": 16,
        "col": 8,
        "sea_ice_concentration": 60.0,
        "risk_level": "HIGH",
        "traversal_penalty": 7.0
      },
      "geometry": {
        "type": "Polygon",
        "coordinates": [
          [
            [
              75.64,
              -68.72
            ],
            [
              75.72,
              -68.72
            ],
            [
              75.72,
              -68.64
            ],
            [
              75.64,
              -68.64
            ],
            [
              75.64,
              -68.72
            ]
          ]
        ]
      }
    },
    {
      "type": "Feature",
      "properties": {
        "cell_id": "GRID_08_17",
        "row": 17,
        "col": 8,
        "sea_ice_concentration": 52.3,
        "risk_level": "MEDIUM",
        "traversal_penalty": 6.23
      },
      "geometry": {
        "type": "Polygon",
        "coordinates": [
          [
            [
              75.64,
              -68.64
            ],
            [
              75.72,
              -68.64
            ],
            [
              75.72,
              -68.56
            ],
            [
              75.64,
              -68.56
            ],
            [
              75.64,
              -68.64
            ]
          ]
        ]
      }
    },
    {
      "type": "Feature",
      "properties": {
        "cell_id": "GRID_08_18",
        "row": 18,
        "col": 8,
        "sea_ice_concentration": 51.6,
        "risk_level": "MEDIUM",
        "traversal_penalty": 6.16
      },
      "geometry": {
        "type": "Polygon",
        "coordinates": [
          [
            [
              75.64,
              -68.56
            ],
            [
              75.72,
              -68.56
            ],
            [
              75.72,
              -68.48
            ],
            [
              75.64,
              -68.48
            ],
            [
              75.64,
              -68.56
            ]
          ]
        ]
      }
    },
    {
      "type": "Feature",
      "properties": {
        "cell_id": "GRID_08_19",
        "row": 19,
        "col": 8,
        "sea_ice_concentration": 57.2,
        "risk_level": "HIGH",
        "traversal_penalty": 6.72
      },
      "geometry": {
        "type": "Polygon",
        "coordinates": [
          [
            [
              75.64,
              -68.48
            ],
            [
              75.72,
              -68.48
            ],
            [
              75.72,
              -68.4
            ],
            [
              75.64,
              -68.4
            ],
            [
              75.64,
              -68.48
            ]
          ]
        ]
      }
    },
    {
      "type": "Feature",
      "properties": {
        "cell_id": "GRID_08_20",
        "row": 20,
        "col": 8,
        "sea_ice_concentration": 45.6,
        "risk_level": "MEDIUM",
        "traversal_penalty": 5.56
      },
      "geometry": {
        "type": "Polygon",
        "coordinates": [
          [
            [
              75.64,
              -68.4
            ],
            [
              75.72,
              -68.4
            ],
            [
              75.72,
              -68.32
            ],
            [
              75.64,
              -68.32
            ],
            [
              75.64,
              -68.4
            ]
          ]
        ]
      }
    },
    {
      "type": "Feature",
      "properties": {
        "cell_id": "GRID_08_21",
        "row": 21,
        "col": 8,
        "sea_ice_concentration": 40.2,
        "risk_level": "MEDIUM",
        "traversal_penalty": 5.02
      },
      "geometry": {
        "type": "Polygon",
        "coordinates": [
          [
            [
              75.64,
              -68.32
            ],
            [
              75.72,
              -68.32
            ],
            [
              75.72,
              -68.24
            ],
            [
              75.64,
              -68.24
            ],
            [
              75.64,
              -68.32
            ]
          ]
        ]
      }
    },
    {
      "type": "Feature",
      "properties": {
        "cell_id": "GRID_08_22",
        "row": 22,
        "col": 8,
        "sea_ice_concentration": 45.2,
        "risk_level": "MEDIUM",
        "traversal_penalty": 5.52
      },
      "geometry": {
        "type": "Polygon",
        "coordinates": [
          [
            [
              75.64,
              -68.24
            ],
            [
              75.72,
              -68.24
            ],
            [
              75.72,
              -68.16
            ],
            [
              75.64,
              -68.16
            ],
            [
              75.64,
              -68.24
            ]
          ]
        ]
      }
    },
    {
      "type": "Feature",
      "properties": {
        "cell_id": "GRID_08_23",
        "row": 23,
        "col": 8,
        "sea_ice_concentration": 34.7,
        "risk_level": "MEDIUM",
        "traversal_penalty": 4.47
      },
      "geometry": {
        "type": "Polygon",
        "coordinates": [
          [
            [
              75.64,
              -68.16
            ],
            [
              75.72,
              -68.16
            ],
            [
              75.72,
              -68.08
            ],
            [
              75.64,
              -68.08
            ],
            [
              75.64,
              -68.16
            ]
          ]
        ]
      }
    },
    {
      "type": "Feature",
      "properties": {
        "cell_id": "GRID_08_24",
        "row": 24,
        "col": 8,
        "sea_ice_concentration": 20.1,
        "risk_level": "LOW",
        "traversal_penalty": 3.01
      },
      "geometry": {
        "type": "Polygon",
        "coordinates": [
          [
            [
              75.64,
              -68.08
            ],
            [
              75.72,
              -68.08
            ],
            [
              75.72,
              -68.0
            ],
            [
              75.64,
              -68.0
            ],
            [
              75.64,
              -68.08
            ]
          ]
        ]
      }
    },
    {
      "type": "Feature",
      "properties": {
        "cell_id": "GRID_09_00",
        "row": 0,
        "col": 9,
        "sea_ice_concentration": 100,
        "risk_level": "EXTREME",
        "traversal_penalty": 11.0
      },
      "geometry": {
        "type": "Polygon",
        "coordinates": [
          [
            [
              75.72,
              -70.0
            ],
            [
              75.8,
              -70.0
            ],
            [
              75.8,
              -69.92
            ],
            [
              75.72,
              -69.92
            ],
            [
              75.72,
              -70.0
            ]
          ]
        ]
      }
    },
    {
      "type": "Feature",
      "properties": {
        "cell_id": "GRID_09_01",
        "row": 1,
        "col": 9,
        "sea_ice_concentration": 92.1,
        "risk_level": "EXTREME",
        "traversal_penalty": 10.21
      },
      "geometry": {
        "type": "Polygon",
        "coordinates": [
          [
            [
              75.72,
              -69.92
            ],
            [
              75.8,
              -69.92
            ],
            [
              75.8,
              -69.84
            ],
            [
              75.72,
              -69.84
            ],
            [
              75.72,
              -69.92
            ]
          ]
        ]
      }
    },
    {
      "type": "Feature",
      "properties": {
        "cell_id": "GRID_09_02",
        "row": 2,
        "col": 9,
        "sea_ice_concentration": 99.9,
        "risk_level": "EXTREME",
        "traversal_penalty": 10.99
      },
      "geometry": {
        "type": "Polygon",
        "coordinates": [
          [
            [
              75.72,
              -69.84
            ],
            [
              75.8,
              -69.84
            ],
            [
              75.8,
              -69.76
            ],
            [
              75.72,
              -69.76
            ],
            [
              75.72,
              -69.84
            ]
          ]
        ]
      }
    },
    {
      "type": "Feature",
      "properties": {
        "cell_id": "GRID_09_03",
        "row": 3,
        "col": 9,
        "sea_ice_concentration": 88.9,
        "risk_level": "EXTREME",
        "traversal_penalty": 9.89
      },
      "geometry": {
        "type": "Polygon",
        "coordinates": [
          [
            [
              75.72,
              -69.76
            ],
            [
              75.8,
              -69.76
            ],
            [
              75.8,
              -69.68
            ],
            [
              75.72,
              -69.68
            ],
            [
              75.72,
              -69.76
            ]
          ]
        ]
      }
    },
    {
      "type": "Feature",
      "properties": {
        "cell_id": "GRID_09_04",
        "row": 4,
        "col": 9,
        "sea_ice_concentration": 100,
        "risk_level": "EXTREME",
        "traversal_penalty": 11.0
      },
      "geometry": {
        "type": "Polygon",
        "coordinates": [
          [
            [
              75.72,
              -69.68
            ],
            [
              75.8,
              -69.68
            ],
            [
              75.8,
              -69.6
            ],
            [
              75.72,
              -69.6
            ],
            [
              75.72,
              -69.68
            ]
          ]
        ]
      }
    },
    {
      "type": "Feature",
      "properties": {
        "cell_id": "GRID_09_05",
        "row": 5,
        "col": 9,
        "sea_ice_concentration": 94.1,
        "risk_level": "EXTREME",
        "traversal_penalty": 10.41
      },
      "geometry": {
        "type": "Polygon",
        "coordinates": [
          [
            [
              75.72,
              -69.6
            ],
            [
              75.8,
              -69.6
            ],
            [
              75.8,
              -69.52
            ],
            [
              75.72,
              -69.52
            ],
            [
              75.72,
              -69.6
            ]
          ]
        ]
      }
    },
    {
      "type": "Feature",
      "properties": {
        "cell_id": "GRID_09_06",
        "row": 6,
        "col": 9,
        "sea_ice_concentration": 99.5,
        "risk_level": "EXTREME",
        "traversal_penalty": 10.95
      },
      "geometry": {
        "type": "Polygon",
        "coordinates": [
          [
            [
              75.72,
              -69.52
            ],
            [
              75.8,
              -69.52
            ],
            [
              75.8,
              -69.44
            ],
            [
              75.72,
              -69.44
            ],
            [
              75.72,
              -69.52
            ]
          ]
        ]
      }
    },
    {
      "type": "Feature",
      "properties": {
        "cell_id": "GRID_09_07",
        "row": 7,
        "col": 9,
        "sea_ice_concentration": 95.8,
        "risk_level": "EXTREME",
        "traversal_penalty": 10.58
      },
      "geometry": {
        "type": "Polygon",
        "coordinates": [
          [
            [
              75.72,
              -69.44
            ],
            [
              75.8,
              -69.44
            ],
            [
              75.8,
              -69.36
            ],
            [
              75.72,
              -69.36
            ],
            [
              75.72,
              -69.44
            ]
          ]
        ]
      }
    },
    {
      "type": "Feature",
      "properties": {
        "cell_id": "GRID_09_08",
        "row": 8,
        "col": 9,
        "sea_ice_concentration": 76.8,
        "risk_level": "HIGH",
        "traversal_penalty": 8.68
      },
      "geometry": {
        "type": "Polygon",
        "coordinates": [
          [
            [
              75.72,
              -69.36
            ],
            [
              75.8,
              -69.36
            ],
            [
              75.8,
              -69.28
            ],
            [
              75.72,
              -69.28
            ],
            [
              75.72,
              -69.36
            ]
          ]
        ]
      }
    },
    {
      "type": "Feature",
      "properties": {
        "cell_id": "GRID_09_09",
        "row": 9,
        "col": 9,
        "sea_ice_concentration": 77.4,
        "risk_level": "HIGH",
        "traversal_penalty": 8.74
      },
      "geometry": {
        "type": "Polygon",
        "coordinates": [
          [
            [
              75.72,
              -69.28
            ],
            [
              75.8,
              -69.28
            ],
            [
              75.8,
              -69.2
            ],
            [
              75.72,
              -69.2
            ],
            [
              75.72,
              -69.28
            ]
          ]
        ]
      }
    },
    {
      "type": "Feature",
      "properties": {
        "cell_id": "GRID_09_10",
        "row": 10,
        "col": 9,
        "sea_ice_concentration": 72.1,
        "risk_level": "HIGH",
        "traversal_penalty": 8.21
      },
      "geometry": {
        "type": "Polygon",
        "coordinates": [
          [
            [
              75.72,
              -69.2
            ],
            [
              75.8,
              -69.2
            ],
            [
              75.8,
              -69.12
            ],
            [
              75.72,
              -69.12
            ],
            [
              75.72,
              -69.2
            ]
          ]
        ]
      }
    },
    {
      "type": "Feature",
      "properties": {
        "cell_id": "GRID_09_11",
        "row": 11,
        "col": 9,
        "sea_ice_concentration": 88.3,
        "risk_level": "EXTREME",
        "traversal_penalty": 9.83
      },
      "geometry": {
        "type": "Polygon",
        "coordinates": [
          [
            [
              75.72,
              -69.12
            ],
            [
              75.8,
              -69.12
            ],
            [
              75.8,
              -69.04
            ],
            [
              75.72,
              -69.04
            ],
            [
              75.72,
              -69.12
            ]
          ]
        ]
      }
    },
    {
      "type": "Feature",
      "properties": {
        "cell_id": "GRID_09_12",
        "row": 12,
        "col": 9,
        "sea_ice_concentration": 69.5,
        "risk_level": "HIGH",
        "traversal_penalty": 7.95
      },
      "geometry": {
        "type": "Polygon",
        "coordinates": [
          [
            [
              75.72,
              -69.04
            ],
            [
              75.8,
              -69.04
            ],
            [
              75.8,
              -68.96
            ],
            [
              75.72,
              -68.96
            ],
            [
              75.72,
              -69.04
            ]
          ]
        ]
      }
    },
    {
      "type": "Feature",
      "properties": {
        "cell_id": "GRID_09_13",
        "row": 13,
        "col": 9,
        "sea_ice_concentration": 65.1,
        "risk_level": "HIGH",
        "traversal_penalty": 7.51
      },
      "geometry": {
        "type": "Polygon",
        "coordinates": [
          [
            [
              75.72,
              -68.96
            ],
            [
              75.8,
              -68.96
            ],
            [
              75.8,
              -68.88
            ],
            [
              75.72,
              -68.88
            ],
            [
              75.72,
              -68.96
            ]
          ]
        ]
      }
    },
    {
      "type": "Feature",
      "properties": {
        "cell_id": "GRID_09_14",
        "row": 14,
        "col": 9,
        "sea_ice_concentration": 56.3,
        "risk_level": "HIGH",
        "traversal_penalty": 6.63
      },
      "geometry": {
        "type": "Polygon",
        "coordinates": [
          [
            [
              75.72,
              -68.88
            ],
            [
              75.8,
              -68.88
            ],
            [
              75.8,
              -68.8
            ],
            [
              75.72,
              -68.8
            ],
            [
              75.72,
              -68.88
            ]
          ]
        ]
      }
    },
    {
      "type": "Feature",
      "properties": {
        "cell_id": "GRID_09_15",
        "row": 15,
        "col": 9,
        "sea_ice_concentration": 61.7,
        "risk_level": "HIGH",
        "traversal_penalty": 7.17
      },
      "geometry": {
        "type": "Polygon",
        "coordinates": [
          [
            [
              75.72,
              -68.8
            ],
            [
              75.8,
              -68.8
            ],
            [
              75.8,
              -68.72
            ],
            [
              75.72,
              -68.72
            ],
            [
              75.72,
              -68.8
            ]
          ]
        ]
      }
    },
    {
      "type": "Feature",
      "properties": {
        "cell_id": "GRID_09_16",
        "row": 16,
        "col": 9,
        "sea_ice_concentration": 57.2,
        "risk_level": "HIGH",
        "traversal_penalty": 6.72
      },
      "geometry": {
        "type": "Polygon",
        "coordinates": [
          [
            [
              75.72,
              -68.72
            ],
            [
              75.8,
              -68.72
            ],
            [
              75.8,
              -68.64
            ],
            [
              75.72,
              -68.64
            ],
            [
              75.72,
              -68.72
            ]
          ]
        ]
      }
    },
    {
      "type": "Feature",
      "properties": {
        "cell_id": "GRID_09_17",
        "row": 17,
        "col": 9,
        "sea_ice_concentration": 50.1,
        "risk_level": "MEDIUM",
        "traversal_penalty": 6.01
      },
      "geometry": {
        "type": "Polygon",
        "coordinates": [
          [
            [
              75.72,
              -68.64
            ],
            [
              75.8,
              -68.64
            ],
            [
              75.8,
              -68.56
            ],
            [
              75.72,
              -68.56
            ],
            [
              75.72,
              -68.64
            ]
          ]
        ]
      }
    },
    {
      "type": "Feature",
      "properties": {
        "cell_id": "GRID_09_18",
        "row": 18,
        "col": 9,
        "sea_ice_concentration": 56.2,
        "risk_level": "HIGH",
        "traversal_penalty": 6.62
      },
      "geometry": {
        "type": "Polygon",
        "coordinates": [
          [
            [
              75.72,
              -68.56
            ],
            [
              75.8,
              -68.56
            ],
            [
              75.8,
              -68.48
            ],
            [
              75.72,
              -68.48
            ],
            [
              75.72,
              -68.56
            ]
          ]
        ]
      }
    },
    {
      "type": "Feature",
      "properties": {
        "cell_id": "GRID_09_19",
        "row": 19,
        "col": 9,
        "sea_ice_concentration": 44.4,
        "risk_level": "MEDIUM",
        "traversal_penalty": 5.44
      },
      "geometry": {
        "type": "Polygon",
        "coordinates": [
          [
            [
              75.72,
              -68.48
            ],
            [
              75.8,
              -68.48
            ],
            [
              75.8,
              -68.4
            ],
            [
              75.72,
              -68.4
            ],
            [
              75.72,
              -68.48
            ]
          ]
        ]
      }
    },
    {
      "type": "Feature",
      "properties": {
        "cell_id": "GRID_09_20",
        "row": 20,
        "col": 9,
        "sea_ice_concentration": 53.1,
        "risk_level": "MEDIUM",
        "traversal_penalty": 6.31
      },
      "geometry": {
        "type": "Polygon",
        "coordinates": [
          [
            [
              75.72,
              -68.4
            ],
            [
              75.8,
              -68.4
            ],
            [
              75.8,
              -68.32
            ],
            [
              75.72,
              -68.32
            ],
            [
              75.72,
              -68.4
            ]
          ]
        ]
      }
    },
    {
      "type": "Feature",
      "properties": {
        "cell_id": "GRID_09_21",
        "row": 21,
        "col": 9,
        "sea_ice_concentration": 28.8,
        "risk_level": "MEDIUM",
        "traversal_penalty": 3.88
      },
      "geometry": {
        "type": "Polygon",
        "coordinates": [
          [
            [
              75.72,
              -68.32
            ],
            [
              75.8,
              -68.32
            ],
            [
              75.8,
              -68.24
            ],
            [
              75.72,
              -68.24
            ],
            [
              75.72,
              -68.32
            ]
          ]
        ]
      }
    },
    {
      "type": "Feature",
      "properties": {
        "cell_id": "GRID_09_22",
        "row": 22,
        "col": 9,
        "sea_ice_concentration": 34.6,
        "risk_level": "MEDIUM",
        "traversal_penalty": 4.46
      },
      "geometry": {
        "type": "Polygon",
        "coordinates": [
          [
            [
              75.72,
              -68.24
            ],
            [
              75.8,
              -68.24
            ],
            [
              75.8,
              -68.16
            ],
            [
              75.72,
              -68.16
            ],
            [
              75.72,
              -68.24
            ]
          ]
        ]
      }
    },
    {
      "type": "Feature",
      "properties": {
        "cell_id": "GRID_09_23",
        "row": 23,
        "col": 9,
        "sea_ice_concentration": 44.3,
        "risk_level": "MEDIUM",
        "traversal_penalty": 5.43
      },
      "geometry": {
        "type": "Polygon",
        "coordinates": [
          [
            [
              75.72,
              -68.16
            ],
            [
              75.8,
              -68.16
            ],
            [
              75.8,
              -68.08
            ],
            [
              75.72,
              -68.08
            ],
            [
              75.72,
              -68.16
            ]
          ]
        ]
      }
    },
    {
      "type": "Feature",
      "properties": {
        "cell_id": "GRID_09_24",
        "row": 24,
        "col": 9,
        "sea_ice_concentration": 32.3,
        "risk_level": "MEDIUM",
        "traversal_penalty": 4.23
      },
      "geometry": {
        "type": "Polygon",
        "coordinates": [
          [
            [
              75.72,
              -68.08
            ],
            [
              75.8,
              -68.08
            ],
            [
              75.8,
              -68.0
            ],
            [
              75.72,
              -68.0
            ],
            [
              75.72,
              -68.08
            ]
          ]
        ]
      }
    },
    {
      "type": "Feature",
      "properties": {
        "cell_id": "GRID_10_00",
        "row": 0,
        "col": 10,
        "sea_ice_concentration": 100,
        "risk_level": "EXTREME",
        "traversal_penalty": 11.0
      },
      "geometry": {
        "type": "Polygon",
        "coordinates": [
          [
            [
              75.8,
              -70.0
            ],
            [
              75.88,
              -70.0
            ],
            [
              75.88,
              -69.92
            ],
            [
              75.8,
              -69.92
            ],
            [
              75.8,
              -70.0
            ]
          ]
        ]
      }
    },
    {
      "type": "Feature",
      "properties": {
        "cell_id": "GRID_10_01",
        "row": 1,
        "col": 10,
        "sea_ice_concentration": 100,
        "risk_level": "EXTREME",
        "traversal_penalty": 11.0
      },
      "geometry": {
        "type": "Polygon",
        "coordinates": [
          [
            [
              75.8,
              -69.92
            ],
            [
              75.88,
              -69.92
            ],
            [
              75.88,
              -69.84
            ],
            [
              75.8,
              -69.84
            ],
            [
              75.8,
              -69.92
            ]
          ]
        ]
      }
    },
    {
      "type": "Feature",
      "properties": {
        "cell_id": "GRID_10_02",
        "row": 2,
        "col": 10,
        "sea_ice_concentration": 100,
        "risk_level": "EXTREME",
        "traversal_penalty": 11.0
      },
      "geometry": {
        "type": "Polygon",
        "coordinates": [
          [
            [
              75.8,
              -69.84
            ],
            [
              75.88,
              -69.84
            ],
            [
              75.88,
              -69.76
            ],
            [
              75.8,
              -69.76
            ],
            [
              75.8,
              -69.84
            ]
          ]
        ]
      }
    },
    {
      "type": "Feature",
      "properties": {
        "cell_id": "GRID_10_03",
        "row": 3,
        "col": 10,
        "sea_ice_concentration": 100,
        "risk_level": "EXTREME",
        "traversal_penalty": 11.0
      },
      "geometry": {
        "type": "Polygon",
        "coordinates": [
          [
            [
              75.8,
              -69.76
            ],
            [
              75.88,
              -69.76
            ],
            [
              75.88,
              -69.68
            ],
            [
              75.8,
              -69.68
            ],
            [
              75.8,
              -69.76
            ]
          ]
        ]
      }
    },
    {
      "type": "Feature",
      "properties": {
        "cell_id": "GRID_10_04",
        "row": 4,
        "col": 10,
        "sea_ice_concentration": 89.9,
        "risk_level": "EXTREME",
        "traversal_penalty": 9.99
      },
      "geometry": {
        "type": "Polygon",
        "coordinates": [
          [
            [
              75.8,
              -69.68
            ],
            [
              75.88,
              -69.68
            ],
            [
              75.88,
              -69.6
            ],
            [
              75.8,
              -69.6
            ],
            [
              75.8,
              -69.68
            ]
          ]
        ]
      }
    },
    {
      "type": "Feature",
      "properties": {
        "cell_id": "GRID_10_05",
        "row": 5,
        "col": 10,
        "sea_ice_concentration": 100,
        "risk_level": "EXTREME",
        "traversal_penalty": 11.0
      },
      "geometry": {
        "type": "Polygon",
        "coordinates": [
          [
            [
              75.8,
              -69.6
            ],
            [
              75.88,
              -69.6
            ],
            [
              75.88,
              -69.52
            ],
            [
              75.8,
              -69.52
            ],
            [
              75.8,
              -69.6
            ]
          ]
        ]
      }
    },
    {
      "type": "Feature",
      "properties": {
        "cell_id": "GRID_10_06",
        "row": 6,
        "col": 10,
        "sea_ice_concentration": 97.5,
        "risk_level": "EXTREME",
        "traversal_penalty": 10.75
      },
      "geometry": {
        "type": "Polygon",
        "coordinates": [
          [
            [
              75.8,
              -69.52
            ],
            [
              75.88,
              -69.52
            ],
            [
              75.88,
              -69.44
            ],
            [
              75.8,
              -69.44
            ],
            [
              75.8,
              -69.52
            ]
          ]
        ]
      }
    },
    {
      "type": "Feature",
      "properties": {
        "cell_id": "GRID_10_07",
        "row": 7,
        "col": 10,
        "sea_ice_concentration": 94.5,
        "risk_level": "EXTREME",
        "traversal_penalty": 10.45
      },
      "geometry": {
        "type": "Polygon",
        "coordinates": [
          [
            [
              75.8,
              -69.44
            ],
            [
              75.88,
              -69.44
            ],
            [
              75.88,
              -69.36
            ],
            [
              75.8,
              -69.36
            ],
            [
              75.8,
              -69.44
            ]
          ]
        ]
      }
    },
    {
      "type": "Feature",
      "properties": {
        "cell_id": "GRID_10_08",
        "row": 8,
        "col": 10,
        "sea_ice_concentration": 85.9,
        "risk_level": "EXTREME",
        "traversal_penalty": 9.59
      },
      "geometry": {
        "type": "Polygon",
        "coordinates": [
          [
            [
              75.8,
              -69.36
            ],
            [
              75.88,
              -69.36
            ],
            [
              75.88,
              -69.28
            ],
            [
              75.8,
              -69.28
            ],
            [
              75.8,
              -69.36
            ]
          ]
        ]
      }
    },
    {
      "type": "Feature",
      "properties": {
        "cell_id": "GRID_10_09",
        "row": 9,
        "col": 10,
        "sea_ice_concentration": 81.7,
        "risk_level": "EXTREME",
        "traversal_penalty": 9.17
      },
      "geometry": {
        "type": "Polygon",
        "coordinates": [
          [
            [
              75.8,
              -69.28
            ],
            [
              75.88,
              -69.28
            ],
            [
              75.88,
              -69.2
            ],
            [
              75.8,
              -69.2
            ],
            [
              75.8,
              -69.28
            ]
          ]
        ]
      }
    },
    {
      "type": "Feature",
      "properties": {
        "cell_id": "GRID_10_10",
        "row": 10,
        "col": 10,
        "sea_ice_concentration": 78.9,
        "risk_level": "HIGH",
        "traversal_penalty": 8.89
      },
      "geometry": {
        "type": "Polygon",
        "coordinates": [
          [
            [
              75.8,
              -69.2
            ],
            [
              75.88,
              -69.2
            ],
            [
              75.88,
              -69.12
            ],
            [
              75.8,
              -69.12
            ],
            [
              75.8,
              -69.2
            ]
          ]
        ]
      }
    },
    {
      "type": "Feature",
      "properties": {
        "cell_id": "GRID_10_11",
        "row": 11,
        "col": 10,
        "sea_ice_concentration": 88.6,
        "risk_level": "EXTREME",
        "traversal_penalty": 9.86
      },
      "geometry": {
        "type": "Polygon",
        "coordinates": [
          [
            [
              75.8,
              -69.12
            ],
            [
              75.88,
              -69.12
            ],
            [
              75.88,
              -69.04
            ],
            [
              75.8,
              -69.04
            ],
            [
              75.8,
              -69.12
            ]
          ]
        ]
      }
    },
    {
      "type": "Feature",
      "properties": {
        "cell_id": "GRID_10_12",
        "row": 12,
        "col": 10,
        "sea_ice_concentration": 74.4,
        "risk_level": "HIGH",
        "traversal_penalty": 8.44
      },
      "geometry": {
        "type": "Polygon",
        "coordinates": [
          [
            [
              75.8,
              -69.04
            ],
            [
              75.88,
              -69.04
            ],
            [
              75.88,
              -68.96
            ],
            [
              75.8,
              -68.96
            ],
            [
              75.8,
              -69.04
            ]
          ]
        ]
      }
    },
    {
      "type": "Feature",
      "properties": {
        "cell_id": "GRID_10_13",
        "row": 13,
        "col": 10,
        "sea_ice_concentration": 68.6,
        "risk_level": "HIGH",
        "traversal_penalty": 7.86
      },
      "geometry": {
        "type": "Polygon",
        "coordinates": [
          [
            [
              75.8,
              -68.96
            ],
            [
              75.88,
              -68.96
            ],
            [
              75.88,
              -68.88
            ],
            [
              75.8,
              -68.88
            ],
            [
              75.8,
              -68.96
            ]
          ]
        ]
      }
    },
    {
      "type": "Feature",
      "properties": {
        "cell_id": "GRID_10_14",
        "row": 14,
        "col": 10,
        "sea_ice_concentration": 58.3,
        "risk_level": "HIGH",
        "traversal_penalty": 6.83
      },
      "geometry": {
        "type": "Polygon",
        "coordinates": [
          [
            [
              75.8,
              -68.88
            ],
            [
              75.88,
              -68.88
            ],
            [
              75.88,
              -68.8
            ],
            [
              75.8,
              -68.8
            ],
            [
              75.8,
              -68.88
            ]
          ]
        ]
      }
    },
    {
      "type": "Feature",
      "properties": {
        "cell_id": "GRID_10_15",
        "row": 15,
        "col": 10,
        "sea_ice_concentration": 55.0,
        "risk_level": "HIGH",
        "traversal_penalty": 6.5
      },
      "geometry": {
        "type": "Polygon",
        "coordinates": [
          [
            [
              75.8,
              -68.8
            ],
            [
              75.88,
              -68.8
            ],
            [
              75.88,
              -68.72
            ],
            [
              75.8,
              -68.72
            ],
            [
              75.8,
              -68.8
            ]
          ]
        ]
      }
    },
    {
      "type": "Feature",
      "properties": {
        "cell_id": "GRID_10_16",
        "row": 16,
        "col": 10,
        "sea_ice_concentration": 49.5,
        "risk_level": "MEDIUM",
        "traversal_penalty": 5.95
      },
      "geometry": {
        "type": "Polygon",
        "coordinates": [
          [
            [
              75.8,
              -68.72
            ],
            [
              75.88,
              -68.72
            ],
            [
              75.88,
              -68.64
            ],
            [
              75.8,
              -68.64
            ],
            [
              75.8,
              -68.72
            ]
          ]
        ]
      }
    },
    {
      "type": "Feature",
      "properties": {
        "cell_id": "GRID_10_17",
        "row": 17,
        "col": 10,
        "sea_ice_concentration": 43.1,
        "risk_level": "MEDIUM",
        "traversal_penalty": 5.31
      },
      "geometry": {
        "type": "Polygon",
        "coordinates": [
          [
            [
              75.8,
              -68.64
            ],
            [
              75.88,
              -68.64
            ],
            [
              75.88,
              -68.56
            ],
            [
              75.8,
              -68.56
            ],
            [
              75.8,
              -68.64
            ]
          ]
        ]
      }
    },
    {
      "type": "Feature",
      "properties": {
        "cell_id": "GRID_10_18",
        "row": 18,
        "col": 10,
        "sea_ice_concentration": 51.6,
        "risk_level": "MEDIUM",
        "traversal_penalty": 6.16
      },
      "geometry": {
        "type": "Polygon",
        "coordinates": [
          [
            [
              75.8,
              -68.56
            ],
            [
              75.88,
              -68.56
            ],
            [
              75.88,
              -68.48
            ],
            [
              75.8,
              -68.48
            ],
            [
              75.8,
              -68.56
            ]
          ]
        ]
      }
    },
    {
      "type": "Feature",
      "properties": {
        "cell_id": "GRID_10_19",
        "row": 19,
        "col": 10,
        "sea_ice_concentration": 53.4,
        "risk_level": "MEDIUM",
        "traversal_penalty": 6.34
      },
      "geometry": {
        "type": "Polygon",
        "coordinates": [
          [
            [
              75.8,
              -68.48
            ],
            [
              75.88,
              -68.48
            ],
            [
              75.88,
              -68.4
            ],
            [
              75.8,
              -68.4
            ],
            [
              75.8,
              -68.48
            ]
          ]
        ]
      }
    },
    {
      "type": "Feature",
      "properties": {
        "cell_id": "GRID_10_20",
        "row": 20,
        "col": 10,
        "sea_ice_concentration": 37.1,
        "risk_level": "MEDIUM",
        "traversal_penalty": 4.71
      },
      "geometry": {
        "type": "Polygon",
        "coordinates": [
          [
            [
              75.8,
              -68.4
            ],
            [
              75.88,
              -68.4
            ],
            [
              75.88,
              -68.32
            ],
            [
              75.8,
              -68.32
            ],
            [
              75.8,
              -68.4
            ]
          ]
        ]
      }
    },
    {
      "type": "Feature",
      "properties": {
        "cell_id": "GRID_10_21",
        "row": 21,
        "col": 10,
        "sea_ice_concentration": 37.7,
        "risk_level": "MEDIUM",
        "traversal_penalty": 4.77
      },
      "geometry": {
        "type": "Polygon",
        "coordinates": [
          [
            [
              75.8,
              -68.32
            ],
            [
              75.88,
              -68.32
            ],
            [
              75.88,
              -68.24
            ],
            [
              75.8,
              -68.24
            ],
            [
              75.8,
              -68.32
            ]
          ]
        ]
      }
    },
    {
      "type": "Feature",
      "properties": {
        "cell_id": "GRID_10_22",
        "row": 22,
        "col": 10,
        "sea_ice_concentration": 34.6,
        "risk_level": "MEDIUM",
        "traversal_penalty": 4.46
      },
      "geometry": {
        "type": "Polygon",
        "coordinates": [
          [
            [
              75.8,
              -68.24
            ],
            [
              75.88,
              -68.24
            ],
            [
              75.88,
              -68.16
            ],
            [
              75.8,
              -68.16
            ],
            [
              75.8,
              -68.24
            ]
          ]
        ]
      }
    },
    {
      "type": "Feature",
      "properties": {
        "cell_id": "GRID_10_23",
        "row": 23,
        "col": 10,
        "sea_ice_concentration": 26.2,
        "risk_level": "MEDIUM",
        "traversal_penalty": 3.62
      },
      "geometry": {
        "type": "Polygon",
        "coordinates": [
          [
            [
              75.8,
              -68.16
            ],
            [
              75.88,
              -68.16
            ],
            [
              75.88,
              -68.08
            ],
            [
              75.8,
              -68.08
            ],
            [
              75.8,
              -68.16
            ]
          ]
        ]
      }
    },
    {
      "type": "Feature",
      "properties": {
        "cell_id": "GRID_10_24",
        "row": 24,
        "col": 10,
        "sea_ice_concentration": 37.1,
        "risk_level": "MEDIUM",
        "traversal_penalty": 4.71
      },
      "geometry": {
        "type": "Polygon",
        "coordinates": [
          [
            [
              75.8,
              -68.08
            ],
            [
              75.88,
              -68.08
            ],
            [
              75.88,
              -68.0
            ],
            [
              75.8,
              -68.0
            ],
            [
              75.8,
              -68.08
            ]
          ]
        ]
      }
    },
    {
      "type": "Feature",
      "properties": {
        "cell_id": "GRID_11_00",
        "row": 0,
        "col": 11,
        "sea_ice_concentration": 100,
        "risk_level": "EXTREME",
        "traversal_penalty": 11.0
      },
      "geometry": {
        "type": "Polygon",
        "coordinates": [
          [
            [
              75.88,
              -70.0
            ],
            [
              75.96,
              -70.0
            ],
            [
              75.96,
              -69.92
            ],
            [
              75.88,
              -69.92
            ],
            [
              75.88,
              -70.0
            ]
          ]
        ]
      }
    },
    {
      "type": "Feature",
      "properties": {
        "cell_id": "GRID_11_01",
        "row": 1,
        "col": 11,
        "sea_ice_concentration": 99.0,
        "risk_level": "EXTREME",
        "traversal_penalty": 10.9
      },
      "geometry": {
        "type": "Polygon",
        "coordinates": [
          [
            [
              75.88,
              -69.92
            ],
            [
              75.96,
              -69.92
            ],
            [
              75.96,
              -69.84
            ],
            [
              75.88,
              -69.84
            ],
            [
              75.88,
              -69.92
            ]
          ]
        ]
      }
    },
    {
      "type": "Feature",
      "properties": {
        "cell_id": "GRID_11_02",
        "row": 2,
        "col": 11,
        "sea_ice_concentration": 99.4,
        "risk_level": "EXTREME",
        "traversal_penalty": 10.94
      },
      "geometry": {
        "type": "Polygon",
        "coordinates": [
          [
            [
              75.88,
              -69.84
            ],
            [
              75.96,
              -69.84
            ],
            [
              75.96,
              -69.76
            ],
            [
              75.88,
              -69.76
            ],
            [
              75.88,
              -69.84
            ]
          ]
        ]
      }
    },
    {
      "type": "Feature",
      "properties": {
        "cell_id": "GRID_11_03",
        "row": 3,
        "col": 11,
        "sea_ice_concentration": 100,
        "risk_level": "EXTREME",
        "traversal_penalty": 11.0
      },
      "geometry": {
        "type": "Polygon",
        "coordinates": [
          [
            [
              75.88,
              -69.76
            ],
            [
              75.96,
              -69.76
            ],
            [
              75.96,
              -69.68
            ],
            [
              75.88,
              -69.68
            ],
            [
              75.88,
              -69.76
            ]
          ]
        ]
      }
    },
    {
      "type": "Feature",
      "properties": {
        "cell_id": "GRID_11_04",
        "row": 4,
        "col": 11,
        "sea_ice_concentration": 99.1,
        "risk_level": "EXTREME",
        "traversal_penalty": 10.91
      },
      "geometry": {
        "type": "Polygon",
        "coordinates": [
          [
            [
              75.88,
              -69.68
            ],
            [
              75.96,
              -69.68
            ],
            [
              75.96,
              -69.6
            ],
            [
              75.88,
              -69.6
            ],
            [
              75.88,
              -69.68
            ]
          ]
        ]
      }
    },
    {
      "type": "Feature",
      "properties": {
        "cell_id": "GRID_11_05",
        "row": 5,
        "col": 11,
        "sea_ice_concentration": 100,
        "risk_level": "EXTREME",
        "traversal_penalty": 11.0
      },
      "geometry": {
        "type": "Polygon",
        "coordinates": [
          [
            [
              75.88,
              -69.6
            ],
            [
              75.96,
              -69.6
            ],
            [
              75.96,
              -69.52
            ],
            [
              75.88,
              -69.52
            ],
            [
              75.88,
              -69.6
            ]
          ]
        ]
      }
    },
    {
      "type": "Feature",
      "properties": {
        "cell_id": "GRID_11_06",
        "row": 6,
        "col": 11,
        "sea_ice_concentration": 96.1,
        "risk_level": "EXTREME",
        "traversal_penalty": 10.61
      },
      "geometry": {
        "type": "Polygon",
        "coordinates": [
          [
            [
              75.88,
              -69.52
            ],
            [
              75.96,
              -69.52
            ],
            [
              75.96,
              -69.44
            ],
            [
              75.88,
              -69.44
            ],
            [
              75.88,
              -69.52
            ]
          ]
        ]
      }
    },
    {
      "type": "Feature",
      "properties": {
        "cell_id": "GRID_11_07",
        "row": 7,
        "col": 11,
        "sea_ice_concentration": 90.1,
        "risk_level": "EXTREME",
        "traversal_penalty": 10.01
      },
      "geometry": {
        "type": "Polygon",
        "coordinates": [
          [
            [
              75.88,
              -69.44
            ],
            [
              75.96,
              -69.44
            ],
            [
              75.96,
              -69.36
            ],
            [
              75.88,
              -69.36
            ],
            [
              75.88,
              -69.44
            ]
          ]
        ]
      }
    },
    {
      "type": "Feature",
      "properties": {
        "cell_id": "GRID_11_08",
        "row": 8,
        "col": 11,
        "sea_ice_concentration": 81.6,
        "risk_level": "EXTREME",
        "traversal_penalty": 9.16
      },
      "geometry": {
        "type": "Polygon",
        "coordinates": [
          [
            [
              75.88,
              -69.36
            ],
            [
              75.96,
              -69.36
            ],
            [
              75.96,
              -69.28
            ],
            [
              75.88,
              -69.28
            ],
            [
              75.88,
              -69.36
            ]
          ]
        ]
      }
    },
    {
      "type": "Feature",
      "properties": {
        "cell_id": "GRID_11_09",
        "row": 9,
        "col": 11,
        "sea_ice_concentration": 92.5,
        "risk_level": "EXTREME",
        "traversal_penalty": 10.25
      },
      "geometry": {
        "type": "Polygon",
        "coordinates": [
          [
            [
              75.88,
              -69.28
            ],
            [
              75.96,
              -69.28
            ],
            [
              75.96,
              -69.2
            ],
            [
              75.88,
              -69.2
            ],
            [
              75.88,
              -69.28
            ]
          ]
        ]
      }
    },
    {
      "type": "Feature",
      "properties": {
        "cell_id": "GRID_11_10",
        "row": 10,
        "col": 11,
        "sea_ice_concentration": 81.0,
        "risk_level": "EXTREME",
        "traversal_penalty": 9.1
      },
      "geometry": {
        "type": "Polygon",
        "coordinates": [
          [
            [
              75.88,
              -69.2
            ],
            [
              75.96,
              -69.2
            ],
            [
              75.96,
              -69.12
            ],
            [
              75.88,
              -69.12
            ],
            [
              75.88,
              -69.2
            ]
          ]
        ]
      }
    },
    {
      "type": "Feature",
      "properties": {
        "cell_id": "GRID_11_11",
        "row": 11,
        "col": 11,
        "sea_ice_concentration": 81.8,
        "risk_level": "EXTREME",
        "traversal_penalty": 9.18
      },
      "geometry": {
        "type": "Polygon",
        "coordinates": [
          [
            [
              75.88,
              -69.12
            ],
            [
              75.96,
              -69.12
            ],
            [
              75.96,
              -69.04
            ],
            [
              75.88,
              -69.04
            ],
            [
              75.88,
              -69.12
            ]
          ]
        ]
      }
    },
    {
      "type": "Feature",
      "properties": {
        "cell_id": "GRID_11_12",
        "row": 12,
        "col": 11,
        "sea_ice_concentration": 65.8,
        "risk_level": "HIGH",
        "traversal_penalty": 7.58
      },
      "geometry": {
        "type": "Polygon",
        "coordinates": [
          [
            [
              75.88,
              -69.04
            ],
            [
              75.96,
              -69.04
            ],
            [
              75.96,
              -68.96
            ],
            [
              75.88,
              -68.96
            ],
            [
              75.88,
              -69.04
            ]
          ]
        ]
      }
    },
    {
      "type": "Feature",
      "properties": {
        "cell_id": "GRID_11_13",
        "row": 13,
        "col": 11,
        "sea_ice_concentration": 62.3,
        "risk_level": "HIGH",
        "traversal_penalty": 7.23
      },
      "geometry": {
        "type": "Polygon",
        "coordinates": [
          [
            [
              75.88,
              -68.96
            ],
            [
              75.96,
              -68.96
            ],
            [
              75.96,
              -68.88
            ],
            [
              75.88,
              -68.88
            ],
            [
              75.88,
              -68.96
            ]
          ]
        ]
      }
    },
    {
      "type": "Feature",
      "properties": {
        "cell_id": "GRID_11_14",
        "row": 14,
        "col": 11,
        "sea_ice_concentration": 71.8,
        "risk_level": "HIGH",
        "traversal_penalty": 8.18
      },
      "geometry": {
        "type": "Polygon",
        "coordinates": [
          [
            [
              75.88,
              -68.88
            ],
            [
              75.96,
              -68.88
            ],
            [
              75.96,
              -68.8
            ],
            [
              75.88,
              -68.8
            ],
            [
              75.88,
              -68.88
            ]
          ]
        ]
      }
    },
    {
      "type": "Feature",
      "properties": {
        "cell_id": "GRID_11_15",
        "row": 15,
        "col": 11,
        "sea_ice_concentration": 54.7,
        "risk_level": "MEDIUM",
        "traversal_penalty": 6.47
      },
      "geometry": {
        "type": "Polygon",
        "coordinates": [
          [
            [
              75.88,
              -68.8
            ],
            [
              75.96,
              -68.8
            ],
            [
              75.96,
              -68.72
            ],
            [
              75.88,
              -68.72
            ],
            [
              75.88,
              -68.8
            ]
          ]
        ]
      }
    },
    {
      "type": "Feature",
      "properties": {
        "cell_id": "GRID_11_16",
        "row": 16,
        "col": 11,
        "sea_ice_concentration": 60.8,
        "risk_level": "HIGH",
        "traversal_penalty": 7.08
      },
      "geometry": {
        "type": "Polygon",
        "coordinates": [
          [
            [
              75.88,
              -68.72
            ],
            [
              75.96,
              -68.72
            ],
            [
              75.96,
              -68.64
            ],
            [
              75.88,
              -68.64
            ],
            [
              75.88,
              -68.72
            ]
          ]
        ]
      }
    },
    {
      "type": "Feature",
      "properties": {
        "cell_id": "GRID_11_17",
        "row": 17,
        "col": 11,
        "sea_ice_concentration": 60.9,
        "risk_level": "HIGH",
        "traversal_penalty": 7.09
      },
      "geometry": {
        "type": "Polygon",
        "coordinates": [
          [
            [
              75.88,
              -68.64
            ],
            [
              75.96,
              -68.64
            ],
            [
              75.96,
              -68.56
            ],
            [
              75.88,
              -68.56
            ],
            [
              75.88,
              -68.64
            ]
          ]
        ]
      }
    },
    {
      "type": "Feature",
      "properties": {
        "cell_id": "GRID_11_18",
        "row": 18,
        "col": 11,
        "sea_ice_concentration": 54.1,
        "risk_level": "MEDIUM",
        "traversal_penalty": 6.41
      },
      "geometry": {
        "type": "Polygon",
        "coordinates": [
          [
            [
              75.88,
              -68.56
            ],
            [
              75.96,
              -68.56
            ],
            [
              75.96,
              -68.48
            ],
            [
              75.88,
              -68.48
            ],
            [
              75.88,
              -68.56
            ]
          ]
        ]
      }
    },
    {
      "type": "Feature",
      "properties": {
        "cell_id": "GRID_11_19",
        "row": 19,
        "col": 11,
        "sea_ice_concentration": 54.5,
        "risk_level": "MEDIUM",
        "traversal_penalty": 6.45
      },
      "geometry": {
        "type": "Polygon",
        "coordinates": [
          [
            [
              75.88,
              -68.48
            ],
            [
              75.96,
              -68.48
            ],
            [
              75.96,
              -68.4
            ],
            [
              75.88,
              -68.4
            ],
            [
              75.88,
              -68.48
            ]
          ]
        ]
      }
    },
    {
      "type": "Feature",
      "properties": {
        "cell_id": "GRID_11_20",
        "row": 20,
        "col": 11,
        "sea_ice_concentration": 52.7,
        "risk_level": "MEDIUM",
        "traversal_penalty": 6.27
      },
      "geometry": {
        "type": "Polygon",
        "coordinates": [
          [
            [
              75.88,
              -68.4
            ],
            [
              75.96,
              -68.4
            ],
            [
              75.96,
              -68.32
            ],
            [
              75.88,
              -68.32
            ],
            [
              75.88,
              -68.4
            ]
          ]
        ]
      }
    },
    {
      "type": "Feature",
      "properties": {
        "cell_id": "GRID_11_21",
        "row": 21,
        "col": 11,
        "sea_ice_concentration": 48.9,
        "risk_level": "MEDIUM",
        "traversal_penalty": 5.89
      },
      "geometry": {
        "type": "Polygon",
        "coordinates": [
          [
            [
              75.88,
              -68.32
            ],
            [
              75.96,
              -68.32
            ],
            [
              75.96,
              -68.24
            ],
            [
              75.88,
              -68.24
            ],
            [
              75.88,
              -68.32
            ]
          ]
        ]
      }
    },
    {
      "type": "Feature",
      "properties": {
        "cell_id": "GRID_11_22",
        "row": 22,
        "col": 11,
        "sea_ice_concentration": 33.6,
        "risk_level": "MEDIUM",
        "traversal_penalty": 4.36
      },
      "geometry": {
        "type": "Polygon",
        "coordinates": [
          [
            [
              75.88,
              -68.24
            ],
            [
              75.96,
              -68.24
            ],
            [
              75.96,
              -68.16
            ],
            [
              75.88,
              -68.16
            ],
            [
              75.88,
              -68.24
            ]
          ]
        ]
      }
    },
    {
      "type": "Feature",
      "properties": {
        "cell_id": "GRID_11_23",
        "row": 23,
        "col": 11,
        "sea_ice_concentration": 24.4,
        "risk_level": "LOW",
        "traversal_penalty": 3.44
      },
      "geometry": {
        "type": "Polygon",
        "coordinates": [
          [
            [
              75.88,
              -68.16
            ],
            [
              75.96,
              -68.16
            ],
            [
              75.96,
              -68.08
            ],
            [
              75.88,
              -68.08
            ],
            [
              75.88,
              -68.16
            ]
          ]
        ]
      }
    },
    {
      "type": "Feature",
      "properties": {
        "cell_id": "GRID_11_24",
        "row": 24,
        "col": 11,
        "sea_ice_concentration": 40.2,
        "risk_level": "MEDIUM",
        "traversal_penalty": 5.02
      },
      "geometry": {
        "type": "Polygon",
        "coordinates": [
          [
            [
              75.88,
              -68.08
            ],
            [
              75.96,
              -68.08
            ],
            [
              75.96,
              -68.0
            ],
            [
              75.88,
              -68.0
            ],
            [
              75.88,
              -68.08
            ]
          ]
        ]
      }
    },
    {
      "type": "Feature",
      "properties": {
        "cell_id": "GRID_12_00",
        "row": 0,
        "col": 12,
        "sea_ice_concentration": 100,
        "risk_level": "EXTREME",
        "traversal_penalty": 11.0
      },
      "geometry": {
        "type": "Polygon",
        "coordinates": [
          [
            [
              75.96,
              -70.0
            ],
            [
              76.04,
              -70.0
            ],
            [
              76.04,
              -69.92
            ],
            [
              75.96,
              -69.92
            ],
            [
              75.96,
              -70.0
            ]
          ]
        ]
      }
    },
    {
      "type": "Feature",
      "properties": {
        "cell_id": "GRID_12_01",
        "row": 1,
        "col": 12,
        "sea_ice_concentration": 100,
        "risk_level": "EXTREME",
        "traversal_penalty": 11.0
      },
      "geometry": {
        "type": "Polygon",
        "coordinates": [
          [
            [
              75.96,
              -69.92
            ],
            [
              76.04,
              -69.92
            ],
            [
              76.04,
              -69.84
            ],
            [
              75.96,
              -69.84
            ],
            [
              75.96,
              -69.92
            ]
          ]
        ]
      }
    },
    {
      "type": "Feature",
      "properties": {
        "cell_id": "GRID_12_02",
        "row": 2,
        "col": 12,
        "sea_ice_concentration": 100,
        "risk_level": "EXTREME",
        "traversal_penalty": 11.0
      },
      "geometry": {
        "type": "Polygon",
        "coordinates": [
          [
            [
              75.96,
              -69.84
            ],
            [
              76.04,
              -69.84
            ],
            [
              76.04,
              -69.76
            ],
            [
              75.96,
              -69.76
            ],
            [
              75.96,
              -69.84
            ]
          ]
        ]
      }
    },
    {
      "type": "Feature",
      "properties": {
        "cell_id": "GRID_12_03",
        "row": 3,
        "col": 12,
        "sea_ice_concentration": 98.9,
        "risk_level": "EXTREME",
        "traversal_penalty": 10.89
      },
      "geometry": {
        "type": "Polygon",
        "coordinates": [
          [
            [
              75.96,
              -69.76
            ],
            [
              76.04,
              -69.76
            ],
            [
              76.04,
              -69.68
            ],
            [
              75.96,
              -69.68
            ],
            [
              75.96,
              -69.76
            ]
          ]
        ]
      }
    },
    {
      "type": "Feature",
      "properties": {
        "cell_id": "GRID_12_04",
        "row": 4,
        "col": 12,
        "sea_ice_concentration": 97.6,
        "risk_level": "EXTREME",
        "traversal_penalty": 10.76
      },
      "geometry": {
        "type": "Polygon",
        "coordinates": [
          [
            [
              75.96,
              -69.68
            ],
            [
              76.04,
              -69.68
            ],
            [
              76.04,
              -69.6
            ],
            [
              75.96,
              -69.6
            ],
            [
              75.96,
              -69.68
            ]
          ]
        ]
      }
    },
    {
      "type": "Feature",
      "properties": {
        "cell_id": "GRID_12_05",
        "row": 5,
        "col": 12,
        "sea_ice_concentration": 93.8,
        "risk_level": "EXTREME",
        "traversal_penalty": 10.38
      },
      "geometry": {
        "type": "Polygon",
        "coordinates": [
          [
            [
              75.96,
              -69.6
            ],
            [
              76.04,
              -69.6
            ],
            [
              76.04,
              -69.52
            ],
            [
              75.96,
              -69.52
            ],
            [
              75.96,
              -69.6
            ]
          ]
        ]
      }
    },
    {
      "type": "Feature",
      "properties": {
        "cell_id": "GRID_12_06",
        "row": 6,
        "col": 12,
        "sea_ice_concentration": 84.9,
        "risk_level": "EXTREME",
        "traversal_penalty": 9.49
      },
      "geometry": {
        "type": "Polygon",
        "coordinates": [
          [
            [
              75.96,
              -69.52
            ],
            [
              76.04,
              -69.52
            ],
            [
              76.04,
              -69.44
            ],
            [
              75.96,
              -69.44
            ],
            [
              75.96,
              -69.52
            ]
          ]
        ]
      }
    },
    {
      "type": "Feature",
      "properties": {
        "cell_id": "GRID_12_07",
        "row": 7,
        "col": 12,
        "sea_ice_concentration": 79.6,
        "risk_level": "HIGH",
        "traversal_penalty": 8.96
      },
      "geometry": {
        "type": "Polygon",
        "coordinates": [
          [
            [
              75.96,
              -69.44
            ],
            [
              76.04,
              -69.44
            ],
            [
              76.04,
              -69.36
            ],
            [
              75.96,
              -69.36
            ],
            [
              75.96,
              -69.44
            ]
          ]
        ]
      }
    },
    {
      "type": "Feature",
      "properties": {
        "cell_id": "GRID_12_08",
        "row": 8,
        "col": 12,
        "sea_ice_concentration": 82.4,
        "risk_level": "EXTREME",
        "traversal_penalty": 9.24
      },
      "geometry": {
        "type": "Polygon",
        "coordinates": [
          [
            [
              75.96,
              -69.36
            ],
            [
              76.04,
              -69.36
            ],
            [
              76.04,
              -69.28
            ],
            [
              75.96,
              -69.28
            ],
            [
              75.96,
              -69.36
            ]
          ]
        ]
      }
    },
    {
      "type": "Feature",
      "properties": {
        "cell_id": "GRID_12_09",
        "row": 9,
        "col": 12,
        "sea_ice_concentration": 81.1,
        "risk_level": "EXTREME",
        "traversal_penalty": 9.11
      },
      "geometry": {
        "type": "Polygon",
        "coordinates": [
          [
            [
              75.96,
              -69.28
            ],
            [
              76.04,
              -69.28
            ],
            [
              76.04,
              -69.2
            ],
            [
              75.96,
              -69.2
            ],
            [
              75.96,
              -69.28
            ]
          ]
        ]
      }
    },
    {
      "type": "Feature",
      "properties": {
        "cell_id": "GRID_12_10",
        "row": 10,
        "col": 12,
        "sea_ice_concentration": 88.6,
        "risk_level": "EXTREME",
        "traversal_penalty": 9.86
      },
      "geometry": {
        "type": "Polygon",
        "coordinates": [
          [
            [
              75.96,
              -69.2
            ],
            [
              76.04,
              -69.2
            ],
            [
              76.04,
              -69.12
            ],
            [
              75.96,
              -69.12
            ],
            [
              75.96,
              -69.2
            ]
          ]
        ]
      }
    },
    {
      "type": "Feature",
      "properties": {
        "cell_id": "GRID_12_11",
        "row": 11,
        "col": 12,
        "sea_ice_concentration": 75.3,
        "risk_level": "HIGH",
        "traversal_penalty": 8.53
      },
      "geometry": {
        "type": "Polygon",
        "coordinates": [
          [
            [
              75.96,
              -69.12
            ],
            [
              76.04,
              -69.12
            ],
            [
              76.04,
              -69.04
            ],
            [
              75.96,
              -69.04
            ],
            [
              75.96,
              -69.12
            ]
          ]
        ]
      }
    },
    {
      "type": "Feature",
      "properties": {
        "cell_id": "GRID_12_12",
        "row": 12,
        "col": 12,
        "sea_ice_concentration": 67.6,
        "risk_level": "HIGH",
        "traversal_penalty": 7.76
      },
      "geometry": {
        "type": "Polygon",
        "coordinates": [
          [
            [
              75.96,
              -69.04
            ],
            [
              76.04,
              -69.04
            ],
            [
              76.04,
              -68.96
            ],
            [
              75.96,
              -68.96
            ],
            [
              75.96,
              -69.04
            ]
          ]
        ]
      }
    },
    {
      "type": "Feature",
      "properties": {
        "cell_id": "GRID_12_13",
        "row": 13,
        "col": 12,
        "sea_ice_concentration": 69.4,
        "risk_level": "HIGH",
        "traversal_penalty": 7.94
      },
      "geometry": {
        "type": "Polygon",
        "coordinates": [
          [
            [
              75.96,
              -68.96
            ],
            [
              76.04,
              -68.96
            ],
            [
              76.04,
              -68.88
            ],
            [
              75.96,
              -68.88
            ],
            [
              75.96,
              -68.96
            ]
          ]
        ]
      }
    },
    {
      "type": "Feature",
      "properties": {
        "cell_id": "GRID_12_14",
        "row": 14,
        "col": 12,
        "sea_ice_concentration": 68.7,
        "risk_level": "HIGH",
        "traversal_penalty": 7.87
      },
      "geometry": {
        "type": "Polygon",
        "coordinates": [
          [
            [
              75.96,
              -68.88
            ],
            [
              76.04,
              -68.88
            ],
            [
              76.04,
              -68.8
            ],
            [
              75.96,
              -68.8
            ],
            [
              75.96,
              -68.88
            ]
          ]
        ]
      }
    },
    {
      "type": "Feature",
      "properties": {
        "cell_id": "GRID_12_15",
        "row": 15,
        "col": 12,
        "sea_ice_concentration": 55.9,
        "risk_level": "HIGH",
        "traversal_penalty": 6.59
      },
      "geometry": {
        "type": "Polygon",
        "coordinates": [
          [
            [
              75.96,
              -68.8
            ],
            [
              76.04,
              -68.8
            ],
            [
              76.04,
              -68.72
            ],
            [
              75.96,
              -68.72
            ],
            [
              75.96,
              -68.8
            ]
          ]
        ]
      }
    },
    {
      "type": "Feature",
      "properties": {
        "cell_id": "GRID_12_16",
        "row": 16,
        "col": 12,
        "sea_ice_concentration": 59.7,
        "risk_level": "HIGH",
        "traversal_penalty": 6.97
      },
      "geometry": {
        "type": "Polygon",
        "coordinates": [
          [
            [
              75.96,
              -68.72
            ],
            [
              76.04,
              -68.72
            ],
            [
              76.04,
              -68.64
            ],
            [
              75.96,
              -68.64
            ],
            [
              75.96,
              -68.72
            ]
          ]
        ]
      }
    },
    {
      "type": "Feature",
      "properties": {
        "cell_id": "GRID_12_17",
        "row": 17,
        "col": 12,
        "sea_ice_concentration": 62.9,
        "risk_level": "HIGH",
        "traversal_penalty": 7.29
      },
      "geometry": {
        "type": "Polygon",
        "coordinates": [
          [
            [
              75.96,
              -68.64
            ],
            [
              76.04,
              -68.64
            ],
            [
              76.04,
              -68.56
            ],
            [
              75.96,
              -68.56
            ],
            [
              75.96,
              -68.64
            ]
          ]
        ]
      }
    },
    {
      "type": "Feature",
      "properties": {
        "cell_id": "GRID_12_18",
        "row": 18,
        "col": 12,
        "sea_ice_concentration": 55.7,
        "risk_level": "HIGH",
        "traversal_penalty": 6.57
      },
      "geometry": {
        "type": "Polygon",
        "coordinates": [
          [
            [
              75.96,
              -68.56
            ],
            [
              76.04,
              -68.56
            ],
            [
              76.04,
              -68.48
            ],
            [
              75.96,
              -68.48
            ],
            [
              75.96,
              -68.56
            ]
          ]
        ]
      }
    },
    {
      "type": "Feature",
      "properties": {
        "cell_id": "GRID_12_19",
        "row": 19,
        "col": 12,
        "sea_ice_concentration": 39.8,
        "risk_level": "MEDIUM",
        "traversal_penalty": 4.98
      },
      "geometry": {
        "type": "Polygon",
        "coordinates": [
          [
            [
              75.96,
              -68.48
            ],
            [
              76.04,
              -68.48
            ],
            [
              76.04,
              -68.4
            ],
            [
              75.96,
              -68.4
            ],
            [
              75.96,
              -68.48
            ]
          ]
        ]
      }
    },
    {
      "type": "Feature",
      "properties": {
        "cell_id": "GRID_12_20",
        "row": 20,
        "col": 12,
        "sea_ice_concentration": 35.2,
        "risk_level": "MEDIUM",
        "traversal_penalty": 4.52
      },
      "geometry": {
        "type": "Polygon",
        "coordinates": [
          [
            [
              75.96,
              -68.4
            ],
            [
              76.04,
              -68.4
            ],
            [
              76.04,
              -68.32
            ],
            [
              75.96,
              -68.32
            ],
            [
              75.96,
              -68.4
            ]
          ]
        ]
      }
    },
    {
      "type": "Feature",
      "properties": {
        "cell_id": "GRID_12_21",
        "row": 21,
        "col": 12,
        "sea_ice_concentration": 46.2,
        "risk_level": "MEDIUM",
        "traversal_penalty": 5.62
      },
      "geometry": {
        "type": "Polygon",
        "coordinates": [
          [
            [
              75.96,
              -68.32
            ],
            [
              76.04,
              -68.32
            ],
            [
              76.04,
              -68.24
            ],
            [
              75.96,
              -68.24
            ],
            [
              75.96,
              -68.32
            ]
          ]
        ]
      }
    },
    {
      "type": "Feature",
      "properties": {
        "cell_id": "GRID_12_22",
        "row": 22,
        "col": 12,
        "sea_ice_concentration": 42.6,
        "risk_level": "MEDIUM",
        "traversal_penalty": 5.26
      },
      "geometry": {
        "type": "Polygon",
        "coordinates": [
          [
            [
              75.96,
              -68.24
            ],
            [
              76.04,
              -68.24
            ],
            [
              76.04,
              -68.16
            ],
            [
              75.96,
              -68.16
            ],
            [
              75.96,
              -68.24
            ]
          ]
        ]
      }
    },
    {
      "type": "Feature",
      "properties": {
        "cell_id": "GRID_12_23",
        "row": 23,
        "col": 12,
        "sea_ice_concentration": 40.9,
        "risk_level": "MEDIUM",
        "traversal_penalty": 5.09
      },
      "geometry": {
        "type": "Polygon",
        "coordinates": [
          [
            [
              75.96,
              -68.16
            ],
            [
              76.04,
              -68.16
            ],
            [
              76.04,
              -68.08
            ],
            [
              75.96,
              -68.08
            ],
            [
              75.96,
              -68.16
            ]
          ]
        ]
      }
    },
    {
      "type": "Feature",
      "properties": {
        "cell_id": "GRID_12_24",
        "row": 24,
        "col": 12,
        "sea_ice_concentration": 28.0,
        "risk_level": "MEDIUM",
        "traversal_penalty": 3.8
      },
      "geometry": {
        "type": "Polygon",
        "coordinates": [
          [
            [
              75.96,
              -68.08
            ],
            [
              76.04,
              -68.08
            ],
            [
              76.04,
              -68.0
            ],
            [
              75.96,
              -68.0
            ],
            [
              75.96,
              -68.08
            ]
          ]
        ]
      }
    },
    {
      "type": "Feature",
      "properties": {
        "cell_id": "GRID_13_00",
        "row": 0,
        "col": 13,
        "sea_ice_concentration": 95.8,
        "risk_level": "EXTREME",
        "traversal_penalty": 10.58
      },
      "geometry": {
        "type": "Polygon",
        "coordinates": [
          [
            [
              76.04,
              -70.0
            ],
            [
              76.12,
              -70.0
            ],
            [
              76.12,
              -69.92
            ],
            [
              76.04,
              -69.92
            ],
            [
              76.04,
              -70.0
            ]
          ]
        ]
      }
    },
    {
      "type": "Feature",
      "properties": {
        "cell_id": "GRID_13_01",
        "row": 1,
        "col": 13,
        "sea_ice_concentration": 100,
        "risk_level": "EXTREME",
        "traversal_penalty": 11.0
      },
      "geometry": {
        "type": "Polygon",
        "coordinates": [
          [
            [
              76.04,
              -69.92
            ],
            [
              76.12,
              -69.92
            ],
            [
              76.12,
              -69.84
            ],
            [
              76.04,
              -69.84
            ],
            [
              76.04,
              -69.92
            ]
          ]
        ]
      }
    },
    {
      "type": "Feature",
      "properties": {
        "cell_id": "GRID_13_02",
        "row": 2,
        "col": 13,
        "sea_ice_concentration": 100,
        "risk_level": "EXTREME",
        "traversal_penalty": 11.0
      },
      "geometry": {
        "type": "Polygon",
        "coordinates": [
          [
            [
              76.04,
              -69.84
            ],
            [
              76.12,
              -69.84
            ],
            [
              76.12,
              -69.76
            ],
            [
              76.04,
              -69.76
            ],
            [
              76.04,
              -69.84
            ]
          ]
        ]
      }
    },
    {
      "type": "Feature",
      "properties": {
        "cell_id": "GRID_13_03",
        "row": 3,
        "col": 13,
        "sea_ice_concentration": 90.2,
        "risk_level": "EXTREME",
        "traversal_penalty": 10.02
      },
      "geometry": {
        "type": "Polygon",
        "coordinates": [
          [
            [
              76.04,
              -69.76
            ],
            [
              76.12,
              -69.76
            ],
            [
              76.12,
              -69.68
            ],
            [
              76.04,
              -69.68
            ],
            [
              76.04,
              -69.76
            ]
          ]
        ]
      }
    },
    {
      "type": "Feature",
      "properties": {
        "cell_id": "GRID_13_04",
        "row": 4,
        "col": 13,
        "sea_ice_concentration": 92.1,
        "risk_level": "EXTREME",
        "traversal_penalty": 10.21
      },
      "geometry": {
        "type": "Polygon",
        "coordinates": [
          [
            [
              76.04,
              -69.68
            ],
            [
              76.12,
              -69.68
            ],
            [
              76.12,
              -69.6
            ],
            [
              76.04,
              -69.6
            ],
            [
              76.04,
              -69.68
            ]
          ]
        ]
      }
    },
    {
      "type": "Feature",
      "properties": {
        "cell_id": "GRID_13_05",
        "row": 5,
        "col": 13,
        "sea_ice_concentration": 100,
        "risk_level": "EXTREME",
        "traversal_penalty": 11.0
      },
      "geometry": {
        "type": "Polygon",
        "coordinates": [
          [
            [
              76.04,
              -69.6
            ],
            [
              76.12,
              -69.6
            ],
            [
              76.12,
              -69.52
            ],
            [
              76.04,
              -69.52
            ],
            [
              76.04,
              -69.6
            ]
          ]
        ]
      }
    },
    {
      "type": "Feature",
      "properties": {
        "cell_id": "GRID_13_06",
        "row": 6,
        "col": 13,
        "sea_ice_concentration": 83.9,
        "risk_level": "EXTREME",
        "traversal_penalty": 9.39
      },
      "geometry": {
        "type": "Polygon",
        "coordinates": [
          [
            [
              76.04,
              -69.52
            ],
            [
              76.12,
              -69.52
            ],
            [
              76.12,
              -69.44
            ],
            [
              76.04,
              -69.44
            ],
            [
              76.04,
              -69.52
            ]
          ]
        ]
      }
    },
    {
      "type": "Feature",
      "properties": {
        "cell_id": "GRID_13_07",
        "row": 7,
        "col": 13,
        "sea_ice_concentration": 89.2,
        "risk_level": "EXTREME",
        "traversal_penalty": 9.92
      },
      "geometry": {
        "type": "Polygon",
        "coordinates": [
          [
            [
              76.04,
              -69.44
            ],
            [
              76.12,
              -69.44
            ],
            [
              76.12,
              -69.36
            ],
            [
              76.04,
              -69.36
            ],
            [
              76.04,
              -69.44
            ]
          ]
        ]
      }
    },
    {
      "type": "Feature",
      "properties": {
        "cell_id": "GRID_13_08",
        "row": 8,
        "col": 13,
        "sea_ice_concentration": 93.2,
        "risk_level": "EXTREME",
        "traversal_penalty": 10.32
      },
      "geometry": {
        "type": "Polygon",
        "coordinates": [
          [
            [
              76.04,
              -69.36
            ],
            [
              76.12,
              -69.36
            ],
            [
              76.12,
              -69.28
            ],
            [
              76.04,
              -69.28
            ],
            [
              76.04,
              -69.36
            ]
          ]
        ]
      }
    },
    {
      "type": "Feature",
      "properties": {
        "cell_id": "GRID_13_09",
        "row": 9,
        "col": 13,
        "sea_ice_concentration": 85.6,
        "risk_level": "EXTREME",
        "traversal_penalty": 9.56
      },
      "geometry": {
        "type": "Polygon",
        "coordinates": [
          [
            [
              76.04,
              -69.28
            ],
            [
              76.12,
              -69.28
            ],
            [
              76.12,
              -69.2
            ],
            [
              76.04,
              -69.2
            ],
            [
              76.04,
              -69.28
            ]
          ]
        ]
      }
    },
    {
      "type": "Feature",
      "properties": {
        "cell_id": "GRID_13_10",
        "row": 10,
        "col": 13,
        "sea_ice_concentration": 90.0,
        "risk_level": "EXTREME",
        "traversal_penalty": 10.0
      },
      "geometry": {
        "type": "Polygon",
        "coordinates": [
          [
            [
              76.04,
              -69.2
            ],
            [
              76.12,
              -69.2
            ],
            [
              76.12,
              -69.12
            ],
            [
              76.04,
              -69.12
            ],
            [
              76.04,
              -69.2
            ]
          ]
        ]
      }
    },
    {
      "type": "Feature",
      "properties": {
        "cell_id": "GRID_13_11",
        "row": 11,
        "col": 13,
        "sea_ice_concentration": 84.7,
        "risk_level": "EXTREME",
        "traversal_penalty": 9.47
      },
      "geometry": {
        "type": "Polygon",
        "coordinates": [
          [
            [
              76.04,
              -69.12
            ],
            [
              76.12,
              -69.12
            ],
            [
              76.12,
              -69.04
            ],
            [
              76.04,
              -69.04
            ],
            [
              76.04,
              -69.12
            ]
          ]
        ]
      }
    },
    {
      "type": "Feature",
      "properties": {
        "cell_id": "GRID_13_12",
        "row": 12,
        "col": 13,
        "sea_ice_concentration": 77.3,
        "risk_level": "HIGH",
        "traversal_penalty": 8.73
      },
      "geometry": {
        "type": "Polygon",
        "coordinates": [
          [
            [
              76.04,
              -69.04
            ],
            [
              76.12,
              -69.04
            ],
            [
              76.12,
              -68.96
            ],
            [
              76.04,
              -68.96
            ],
            [
              76.04,
              -69.04
            ]
          ]
        ]
      }
    },
    {
      "type": "Feature",
      "properties": {
        "cell_id": "GRID_13_13",
        "row": 13,
        "col": 13,
        "sea_ice_concentration": 60.2,
        "risk_level": "HIGH",
        "traversal_penalty": 7.02
      },
      "geometry": {
        "type": "Polygon",
        "coordinates": [
          [
            [
              76.04,
              -68.96
            ],
            [
              76.12,
              -68.96
            ],
            [
              76.12,
              -68.88
            ],
            [
              76.04,
              -68.88
            ],
            [
              76.04,
              -68.96
            ]
          ]
        ]
      }
    },
    {
      "type": "Feature",
      "properties": {
        "cell_id": "GRID_13_14",
        "row": 14,
        "col": 13,
        "sea_ice_concentration": 65.8,
        "risk_level": "HIGH",
        "traversal_penalty": 7.58
      },
      "geometry": {
        "type": "Polygon",
        "coordinates": [
          [
            [
              76.04,
              -68.88
            ],
            [
              76.12,
              -68.88
            ],
            [
              76.12,
              -68.8
            ],
            [
              76.04,
              -68.8
            ],
            [
              76.04,
              -68.88
            ]
          ]
        ]
      }
    },
    {
      "type": "Feature",
      "properties": {
        "cell_id": "GRID_13_15",
        "row": 15,
        "col": 13,
        "sea_ice_concentration": 72.7,
        "risk_level": "HIGH",
        "traversal_penalty": 8.27
      },
      "geometry": {
        "type": "Polygon",
        "coordinates": [
          [
            [
              76.04,
              -68.8
            ],
            [
              76.12,
              -68.8
            ],
            [
              76.12,
              -68.72
            ],
            [
              76.04,
              -68.72
            ],
            [
              76.04,
              -68.8
            ]
          ]
        ]
      }
    },
    {
      "type": "Feature",
      "properties": {
        "cell_id": "GRID_13_16",
        "row": 16,
        "col": 13,
        "sea_ice_concentration": 58.5,
        "risk_level": "HIGH",
        "traversal_penalty": 6.85
      },
      "geometry": {
        "type": "Polygon",
        "coordinates": [
          [
            [
              76.04,
              -68.72
            ],
            [
              76.12,
              -68.72
            ],
            [
              76.12,
              -68.64
            ],
            [
              76.04,
              -68.64
            ],
            [
              76.04,
              -68.72
            ]
          ]
        ]
      }
    },
    {
      "type": "Feature",
      "properties": {
        "cell_id": "GRID_13_17",
        "row": 17,
        "col": 13,
        "sea_ice_concentration": 44.3,
        "risk_level": "MEDIUM",
        "traversal_penalty": 5.43
      },
      "geometry": {
        "type": "Polygon",
        "coordinates": [
          [
            [
              76.04,
              -68.64
            ],
            [
              76.12,
              -68.64
            ],
            [
              76.12,
              -68.56
            ],
            [
              76.04,
              -68.56
            ],
            [
              76.04,
              -68.64
            ]
          ]
        ]
      }
    },
    {
      "type": "Feature",
      "properties": {
        "cell_id": "GRID_13_18",
        "row": 18,
        "col": 13,
        "sea_ice_concentration": 54.1,
        "risk_level": "MEDIUM",
        "traversal_penalty": 6.41
      },
      "geometry": {
        "type": "Polygon",
        "coordinates": [
          [
            [
              76.04,
              -68.56
            ],
            [
              76.12,
              -68.56
            ],
            [
              76.12,
              -68.48
            ],
            [
              76.04,
              -68.48
            ],
            [
              76.04,
              -68.56
            ]
          ]
        ]
      }
    },
    {
      "type": "Feature",
      "properties": {
        "cell_id": "GRID_13_19",
        "row": 19,
        "col": 13,
        "sea_ice_concentration": 46.2,
        "risk_level": "MEDIUM",
        "traversal_penalty": 5.62
      },
      "geometry": {
        "type": "Polygon",
        "coordinates": [
          [
            [
              76.04,
              -68.48
            ],
            [
              76.12,
              -68.48
            ],
            [
              76.12,
              -68.4
            ],
            [
              76.04,
              -68.4
            ],
            [
              76.04,
              -68.48
            ]
          ]
        ]
      }
    },
    {
      "type": "Feature",
      "properties": {
        "cell_id": "GRID_13_20",
        "row": 20,
        "col": 13,
        "sea_ice_concentration": 49.0,
        "risk_level": "MEDIUM",
        "traversal_penalty": 5.9
      },
      "geometry": {
        "type": "Polygon",
        "coordinates": [
          [
            [
              76.04,
              -68.4
            ],
            [
              76.12,
              -68.4
            ],
            [
              76.12,
              -68.32
            ],
            [
              76.04,
              -68.32
            ],
            [
              76.04,
              -68.4
            ]
          ]
        ]
      }
    },
    {
      "type": "Feature",
      "properties": {
        "cell_id": "GRID_13_21",
        "row": 21,
        "col": 13,
        "sea_ice_concentration": 52.5,
        "risk_level": "MEDIUM",
        "traversal_penalty": 6.25
      },
      "geometry": {
        "type": "Polygon",
        "coordinates": [
          [
            [
              76.04,
              -68.32
            ],
            [
              76.12,
              -68.32
            ],
            [
              76.12,
              -68.24
            ],
            [
              76.04,
              -68.24
            ],
            [
              76.04,
              -68.32
            ]
          ]
        ]
      }
    },
    {
      "type": "Feature",
      "properties": {
        "cell_id": "GRID_13_22",
        "row": 22,
        "col": 13,
        "sea_ice_concentration": 31.3,
        "risk_level": "MEDIUM",
        "traversal_penalty": 4.13
      },
      "geometry": {
        "type": "Polygon",
        "coordinates": [
          [
            [
              76.04,
              -68.24
            ],
            [
              76.12,
              -68.24
            ],
            [
              76.12,
              -68.16
            ],
            [
              76.04,
              -68.16
            ],
            [
              76.04,
              -68.24
            ]
          ]
        ]
      }
    },
    {
      "type": "Feature",
      "properties": {
        "cell_id": "GRID_13_23",
        "row": 23,
        "col": 13,
        "sea_ice_concentration": 28.6,
        "risk_level": "MEDIUM",
        "traversal_penalty": 3.86
      },
      "geometry": {
        "type": "Polygon",
        "coordinates": [
          [
            [
              76.04,
              -68.16
            ],
            [
              76.12,
              -68.16
            ],
            [
              76.12,
              -68.08
            ],
            [
              76.04,
              -68.08
            ],
            [
              76.04,
              -68.16
            ]
          ]
        ]
      }
    },
    {
      "type": "Feature",
      "properties": {
        "cell_id": "GRID_13_24",
        "row": 24,
        "col": 13,
        "sea_ice_concentration": 25.3,
        "risk_level": "MEDIUM",
        "traversal_penalty": 3.53
      },
      "geometry": {
        "type": "Polygon",
        "coordinates": [
          [
            [
              76.04,
              -68.08
            ],
            [
              76.12,
              -68.08
            ],
            [
              76.12,
              -68.0
            ],
            [
              76.04,
              -68.0
            ],
            [
              76.04,
              -68.08
            ]
          ]
        ]
      }
    },
    {
      "type": "Feature",
      "properties": {
        "cell_id": "GRID_14_00",
        "row": 0,
        "col": 14,
        "sea_ice_concentration": 100,
        "risk_level": "EXTREME",
        "traversal_penalty": 11.0
      },
      "geometry": {
        "type": "Polygon",
        "coordinates": [
          [
            [
              76.12,
              -70.0
            ],
            [
              76.2,
              -70.0
            ],
            [
              76.2,
              -69.92
            ],
            [
              76.12,
              -69.92
            ],
            [
              76.12,
              -70.0
            ]
          ]
        ]
      }
    },
    {
      "type": "Feature",
      "properties": {
        "cell_id": "GRID_14_01",
        "row": 1,
        "col": 14,
        "sea_ice_concentration": 89.9,
        "risk_level": "EXTREME",
        "traversal_penalty": 9.99
      },
      "geometry": {
        "type": "Polygon",
        "coordinates": [
          [
            [
              76.12,
              -69.92
            ],
            [
              76.2,
              -69.92
            ],
            [
              76.2,
              -69.84
            ],
            [
              76.12,
              -69.84
            ],
            [
              76.12,
              -69.92
            ]
          ]
        ]
      }
    },
    {
      "type": "Feature",
      "properties": {
        "cell_id": "GRID_14_02",
        "row": 2,
        "col": 14,
        "sea_ice_concentration": 100,
        "risk_level": "EXTREME",
        "traversal_penalty": 11.0
      },
      "geometry": {
        "type": "Polygon",
        "coordinates": [
          [
            [
              76.12,
              -69.84
            ],
            [
              76.2,
              -69.84
            ],
            [
              76.2,
              -69.76
            ],
            [
              76.12,
              -69.76
            ],
            [
              76.12,
              -69.84
            ]
          ]
        ]
      }
    },
    {
      "type": "Feature",
      "properties": {
        "cell_id": "GRID_14_03",
        "row": 3,
        "col": 14,
        "sea_ice_concentration": 92.4,
        "risk_level": "EXTREME",
        "traversal_penalty": 10.24
      },
      "geometry": {
        "type": "Polygon",
        "coordinates": [
          [
            [
              76.12,
              -69.76
            ],
            [
              76.2,
              -69.76
            ],
            [
              76.2,
              -69.68
            ],
            [
              76.12,
              -69.68
            ],
            [
              76.12,
              -69.76
            ]
          ]
        ]
      }
    },
    {
      "type": "Feature",
      "properties": {
        "cell_id": "GRID_14_04",
        "row": 4,
        "col": 14,
        "sea_ice_concentration": 89.0,
        "risk_level": "EXTREME",
        "traversal_penalty": 9.9
      },
      "geometry": {
        "type": "Polygon",
        "coordinates": [
          [
            [
              76.12,
              -69.68
            ],
            [
              76.2,
              -69.68
            ],
            [
              76.2,
              -69.6
            ],
            [
              76.12,
              -69.6
            ],
            [
              76.12,
              -69.68
            ]
          ]
        ]
      }
    },
    {
      "type": "Feature",
      "properties": {
        "cell_id": "GRID_14_05",
        "row": 5,
        "col": 14,
        "sea_ice_concentration": 87.7,
        "risk_level": "EXTREME",
        "traversal_penalty": 9.77
      },
      "geometry": {
        "type": "Polygon",
        "coordinates": [
          [
            [
              76.12,
              -69.6
            ],
            [
              76.2,
              -69.6
            ],
            [
              76.2,
              -69.52
            ],
            [
              76.12,
              -69.52
            ],
            [
              76.12,
              -69.6
            ]
          ]
        ]
      }
    },
    {
      "type": "Feature",
      "properties": {
        "cell_id": "GRID_14_06",
        "row": 6,
        "col": 14,
        "sea_ice_concentration": 92.1,
        "risk_level": "EXTREME",
        "traversal_penalty": 10.21
      },
      "geometry": {
        "type": "Polygon",
        "coordinates": [
          [
            [
              76.12,
              -69.52
            ],
            [
              76.2,
              -69.52
            ],
            [
              76.2,
              -69.44
            ],
            [
              76.12,
              -69.44
            ],
            [
              76.12,
              -69.52
            ]
          ]
        ]
      }
    },
    {
      "type": "Feature",
      "properties": {
        "cell_id": "GRID_14_07",
        "row": 7,
        "col": 14,
        "sea_ice_concentration": 100,
        "risk_level": "EXTREME",
        "traversal_penalty": 11.0
      },
      "geometry": {
        "type": "Polygon",
        "coordinates": [
          [
            [
              76.12,
              -69.44
            ],
            [
              76.2,
              -69.44
            ],
            [
              76.2,
              -69.36
            ],
            [
              76.12,
              -69.36
            ],
            [
              76.12,
              -69.44
            ]
          ]
        ]
      }
    },
    {
      "type": "Feature",
      "properties": {
        "cell_id": "GRID_14_08",
        "row": 8,
        "col": 14,
        "sea_ice_concentration": 94.5,
        "risk_level": "EXTREME",
        "traversal_penalty": 10.45
      },
      "geometry": {
        "type": "Polygon",
        "coordinates": [
          [
            [
              76.12,
              -69.36
            ],
            [
              76.2,
              -69.36
            ],
            [
              76.2,
              -69.28
            ],
            [
              76.12,
              -69.28
            ],
            [
              76.12,
              -69.36
            ]
          ]
        ]
      }
    },
    {
      "type": "Feature",
      "properties": {
        "cell_id": "GRID_14_09",
        "row": 9,
        "col": 14,
        "sea_ice_concentration": 85.6,
        "risk_level": "EXTREME",
        "traversal_penalty": 9.56
      },
      "geometry": {
        "type": "Polygon",
        "coordinates": [
          [
            [
              76.12,
              -69.28
            ],
            [
              76.2,
              -69.28
            ],
            [
              76.2,
              -69.2
            ],
            [
              76.12,
              -69.2
            ],
            [
              76.12,
              -69.28
            ]
          ]
        ]
      }
    },
    {
      "type": "Feature",
      "properties": {
        "cell_id": "GRID_14_10",
        "row": 10,
        "col": 14,
        "sea_ice_concentration": 76.8,
        "risk_level": "HIGH",
        "traversal_penalty": 8.68
      },
      "geometry": {
        "type": "Polygon",
        "coordinates": [
          [
            [
              76.12,
              -69.2
            ],
            [
              76.2,
              -69.2
            ],
            [
              76.2,
              -69.12
            ],
            [
              76.12,
              -69.12
            ],
            [
              76.12,
              -69.2
            ]
          ]
        ]
      }
    },
    {
      "type": "Feature",
      "properties": {
        "cell_id": "GRID_14_11",
        "row": 11,
        "col": 14,
        "sea_ice_concentration": 87.2,
        "risk_level": "EXTREME",
        "traversal_penalty": 9.72
      },
      "geometry": {
        "type": "Polygon",
        "coordinates": [
          [
            [
              76.12,
              -69.12
            ],
            [
              76.2,
              -69.12
            ],
            [
              76.2,
              -69.04
            ],
            [
              76.12,
              -69.04
            ],
            [
              76.12,
              -69.12
            ]
          ]
        ]
      }
    },
    {
      "type": "Feature",
      "properties": {
        "cell_id": "GRID_14_12",
        "row": 12,
        "col": 14,
        "sea_ice_concentration": 84.7,
        "risk_level": "EXTREME",
        "traversal_penalty": 9.47
      },
      "geometry": {
        "type": "Polygon",
        "coordinates": [
          [
            [
              76.12,
              -69.04
            ],
            [
              76.2,
              -69.04
            ],
            [
              76.2,
              -68.96
            ],
            [
              76.12,
              -68.96
            ],
            [
              76.12,
              -69.04
            ]
          ]
        ]
      }
    },
    {
      "type": "Feature",
      "properties": {
        "cell_id": "GRID_14_13",
        "row": 13,
        "col": 14,
        "sea_ice_concentration": 62.7,
        "risk_level": "HIGH",
        "traversal_penalty": 7.27
      },
      "geometry": {
        "type": "Polygon",
        "coordinates": [
          [
            [
              76.12,
              -68.96
            ],
            [
              76.2,
              -68.96
            ],
            [
              76.2,
              -68.88
            ],
            [
              76.12,
              -68.88
            ],
            [
              76.12,
              -68.96
            ]
          ]
        ]
      }
    },
    {
      "type": "Feature",
      "properties": {
        "cell_id": "GRID_14_14",
        "row": 14,
        "col": 14,
        "sea_ice_concentration": 58.4,
        "risk_level": "HIGH",
        "traversal_penalty": 6.84
      },
      "geometry": {
        "type": "Polygon",
        "coordinates": [
          [
            [
              76.12,
              -68.88
            ],
            [
              76.2,
              -68.88
            ],
            [
              76.2,
              -68.8
            ],
            [
              76.12,
              -68.8
            ],
            [
              76.12,
              -68.88
            ]
          ]
        ]
      }
    },
    {
      "type": "Feature",
      "properties": {
        "cell_id": "GRID_14_15",
        "row": 15,
        "col": 14,
        "sea_ice_concentration": 67.0,
        "risk_level": "HIGH",
        "traversal_penalty": 7.7
      },
      "geometry": {
        "type": "Polygon",
        "coordinates": [
          [
            [
              76.12,
              -68.8
            ],
            [
              76.2,
              -68.8
            ],
            [
              76.2,
              -68.72
            ],
            [
              76.12,
              -68.72
            ],
            [
              76.12,
              -68.8
            ]
          ]
        ]
      }
    },
    {
      "type": "Feature",
      "properties": {
        "cell_id": "GRID_14_16",
        "row": 16,
        "col": 14,
        "sea_ice_concentration": 48.5,
        "risk_level": "MEDIUM",
        "traversal_penalty": 5.85
      },
      "geometry": {
        "type": "Polygon",
        "coordinates": [
          [
            [
              76.12,
              -68.72
            ],
            [
              76.2,
              -68.72
            ],
            [
              76.2,
              -68.64
            ],
            [
              76.12,
              -68.64
            ],
            [
              76.12,
              -68.72
            ]
          ]
        ]
      }
    },
    {
      "type": "Feature",
      "properties": {
        "cell_id": "GRID_14_17",
        "row": 17,
        "col": 14,
        "sea_ice_concentration": 57.2,
        "risk_level": "HIGH",
        "traversal_penalty": 6.72
      },
      "geometry": {
        "type": "Polygon",
        "coordinates": [
          [
            [
              76.12,
              -68.64
            ],
            [
              76.2,
              -68.64
            ],
            [
              76.2,
              -68.56
            ],
            [
              76.12,
              -68.56
            ],
            [
              76.12,
              -68.64
            ]
          ]
        ]
      }
    },
    {
      "type": "Feature",
      "properties": {
        "cell_id": "GRID_14_18",
        "row": 18,
        "col": 14,
        "sea_ice_concentration": 49.4,
        "risk_level": "MEDIUM",
        "traversal_penalty": 5.94
      },
      "geometry": {
        "type": "Polygon",
        "coordinates": [
          [
            [
              76.12,
              -68.56
            ],
            [
              76.2,
              -68.56
            ],
            [
              76.2,
              -68.48
            ],
            [
              76.12,
              -68.48
            ],
            [
              76.12,
              -68.56
            ]
          ]
        ]
      }
    },
    {
      "type": "Feature",
      "properties": {
        "cell_id": "GRID_14_19",
        "row": 19,
        "col": 14,
        "sea_ice_concentration": 58.5,
        "risk_level": "HIGH",
        "traversal_penalty": 6.85
      },
      "geometry": {
        "type": "Polygon",
        "coordinates": [
          [
            [
              76.12,
              -68.48
            ],
            [
              76.2,
              -68.48
            ],
            [
              76.2,
              -68.4
            ],
            [
              76.12,
              -68.4
            ],
            [
              76.12,
              -68.48
            ]
          ]
        ]
      }
    },
    {
      "type": "Feature",
      "properties": {
        "cell_id": "GRID_14_20",
        "row": 20,
        "col": 14,
        "sea_ice_concentration": 42.4,
        "risk_level": "MEDIUM",
        "traversal_penalty": 5.24
      },
      "geometry": {
        "type": "Polygon",
        "coordinates": [
          [
            [
              76.12,
              -68.4
            ],
            [
              76.2,
              -68.4
            ],
            [
              76.2,
              -68.32
            ],
            [
              76.12,
              -68.32
            ],
            [
              76.12,
              -68.4
            ]
          ]
        ]
      }
    },
    {
      "type": "Feature",
      "properties": {
        "cell_id": "GRID_14_21",
        "row": 21,
        "col": 14,
        "sea_ice_concentration": 33.2,
        "risk_level": "MEDIUM",
        "traversal_penalty": 4.32
      },
      "geometry": {
        "type": "Polygon",
        "coordinates": [
          [
            [
              76.12,
              -68.32
            ],
            [
              76.2,
              -68.32
            ],
            [
              76.2,
              -68.24
            ],
            [
              76.12,
              -68.24
            ],
            [
              76.12,
              -68.32
            ]
          ]
        ]
      }
    },
    {
      "type": "Feature",
      "properties": {
        "cell_id": "GRID_14_22",
        "row": 22,
        "col": 14,
        "sea_ice_concentration": 41.9,
        "risk_level": "MEDIUM",
        "traversal_penalty": 5.19
      },
      "geometry": {
        "type": "Polygon",
        "coordinates": [
          [
            [
              76.12,
              -68.24
            ],
            [
              76.2,
              -68.24
            ],
            [
              76.2,
              -68.16
            ],
            [
              76.12,
              -68.16
            ],
            [
              76.12,
              -68.24
            ]
          ]
        ]
      }
    },
    {
      "type": "Feature",
      "properties": {
        "cell_id": "GRID_14_23",
        "row": 23,
        "col": 14,
        "sea_ice_concentration": 37.9,
        "risk_level": "MEDIUM",
        "traversal_penalty": 4.79
      },
      "geometry": {
        "type": "Polygon",
        "coordinates": [
          [
            [
              76.12,
              -68.16
            ],
            [
              76.2,
              -68.16
            ],
            [
              76.2,
              -68.08
            ],
            [
              76.12,
              -68.08
            ],
            [
              76.12,
              -68.16
            ]
          ]
        ]
      }
    },
    {
      "type": "Feature",
      "properties": {
        "cell_id": "GRID_14_24",
        "row": 24,
        "col": 14,
        "sea_ice_concentration": 29.4,
        "risk_level": "MEDIUM",
        "traversal_penalty": 3.94
      },
      "geometry": {
        "type": "Polygon",
        "coordinates": [
          [
            [
              76.12,
              -68.08
            ],
            [
              76.2,
              -68.08
            ],
            [
              76.2,
              -68.0
            ],
            [
              76.12,
              -68.0
            ],
            [
              76.12,
              -68.08
            ]
          ]
        ]
      }
    },
    {
      "type": "Feature",
      "properties": {
        "cell_id": "GRID_15_00",
        "row": 0,
        "col": 15,
        "sea_ice_concentration": 100,
        "risk_level": "EXTREME",
        "traversal_penalty": 11.0
      },
      "geometry": {
        "type": "Polygon",
        "coordinates": [
          [
            [
              76.2,
              -70.0
            ],
            [
              76.28,
              -70.0
            ],
            [
              76.28,
              -69.92
            ],
            [
              76.2,
              -69.92
            ],
            [
              76.2,
              -70.0
            ]
          ]
        ]
      }
    },
    {
      "type": "Feature",
      "properties": {
        "cell_id": "GRID_15_01",
        "row": 1,
        "col": 15,
        "sea_ice_concentration": 100,
        "risk_level": "EXTREME",
        "traversal_penalty": 11.0
      },
      "geometry": {
        "type": "Polygon",
        "coordinates": [
          [
            [
              76.2,
              -69.92
            ],
            [
              76.28,
              -69.92
            ],
            [
              76.28,
              -69.84
            ],
            [
              76.2,
              -69.84
            ],
            [
              76.2,
              -69.92
            ]
          ]
        ]
      }
    },
    {
      "type": "Feature",
      "properties": {
        "cell_id": "GRID_15_02",
        "row": 2,
        "col": 15,
        "sea_ice_concentration": 89.5,
        "risk_level": "EXTREME",
        "traversal_penalty": 9.95
      },
      "geometry": {
        "type": "Polygon",
        "coordinates": [
          [
            [
              76.2,
              -69.84
            ],
            [
              76.28,
              -69.84
            ],
            [
              76.28,
              -69.76
            ],
            [
              76.2,
              -69.76
            ],
            [
              76.2,
              -69.84
            ]
          ]
        ]
      }
    },
    {
      "type": "Feature",
      "properties": {
        "cell_id": "GRID_15_03",
        "row": 3,
        "col": 15,
        "sea_ice_concentration": 100,
        "risk_level": "EXTREME",
        "traversal_penalty": 11.0
      },
      "geometry": {
        "type": "Polygon",
        "coordinates": [
          [
            [
              76.2,
              -69.76
            ],
            [
              76.28,
              -69.76
            ],
            [
              76.28,
              -69.68
            ],
            [
              76.2,
              -69.68
            ],
            [
              76.2,
              -69.76
            ]
          ]
        ]
      }
    },
    {
      "type": "Feature",
      "properties": {
        "cell_id": "GRID_15_04",
        "row": 4,
        "col": 15,
        "sea_ice_concentration": 100,
        "risk_level": "EXTREME",
        "traversal_penalty": 11.0
      },
      "geometry": {
        "type": "Polygon",
        "coordinates": [
          [
            [
              76.2,
              -69.68
            ],
            [
              76.28,
              -69.68
            ],
            [
              76.28,
              -69.6
            ],
            [
              76.2,
              -69.6
            ],
            [
              76.2,
              -69.68
            ]
          ]
        ]
      }
    },
    {
      "type": "Feature",
      "properties": {
        "cell_id": "GRID_15_05",
        "row": 5,
        "col": 15,
        "sea_ice_concentration": 92.2,
        "risk_level": "EXTREME",
        "traversal_penalty": 10.22
      },
      "geometry": {
        "type": "Polygon",
        "coordinates": [
          [
            [
              76.2,
              -69.6
            ],
            [
              76.28,
              -69.6
            ],
            [
              76.28,
              -69.52
            ],
            [
              76.2,
              -69.52
            ],
            [
              76.2,
              -69.6
            ]
          ]
        ]
      }
    },
    {
      "type": "Feature",
      "properties": {
        "cell_id": "GRID_15_06",
        "row": 6,
        "col": 15,
        "sea_ice_concentration": 86.0,
        "risk_level": "EXTREME",
        "traversal_penalty": 9.6
      },
      "geometry": {
        "type": "Polygon",
        "coordinates": [
          [
            [
              76.2,
              -69.52
            ],
            [
              76.28,
              -69.52
            ],
            [
              76.28,
              -69.44
            ],
            [
              76.2,
              -69.44
            ],
            [
              76.2,
              -69.52
            ]
          ]
        ]
      }
    },
    {
      "type": "Feature",
      "properties": {
        "cell_id": "GRID_15_07",
        "row": 7,
        "col": 15,
        "sea_ice_concentration": 91.5,
        "risk_level": "EXTREME",
        "traversal_penalty": 10.15
      },
      "geometry": {
        "type": "Polygon",
        "coordinates": [
          [
            [
              76.2,
              -69.44
            ],
            [
              76.28,
              -69.44
            ],
            [
              76.28,
              -69.36
            ],
            [
              76.2,
              -69.36
            ],
            [
              76.2,
              -69.44
            ]
          ]
        ]
      }
    },
    {
      "type": "Feature",
      "properties": {
        "cell_id": "GRID_15_08",
        "row": 8,
        "col": 15,
        "sea_ice_concentration": 86.9,
        "risk_level": "EXTREME",
        "traversal_penalty": 9.69
      },
      "geometry": {
        "type": "Polygon",
        "coordinates": [
          [
            [
              76.2,
              -69.36
            ],
            [
              76.28,
              -69.36
            ],
            [
              76.28,
              -69.28
            ],
            [
              76.2,
              -69.28
            ],
            [
              76.2,
              -69.36
            ]
          ]
        ]
      }
    },
    {
      "type": "Feature",
      "properties": {
        "cell_id": "GRID_15_09",
        "row": 9,
        "col": 15,
        "sea_ice_concentration": 88.1,
        "risk_level": "EXTREME",
        "traversal_penalty": 9.81
      },
      "geometry": {
        "type": "Polygon",
        "coordinates": [
          [
            [
              76.2,
              -69.28
            ],
            [
              76.28,
              -69.28
            ],
            [
              76.28,
              -69.2
            ],
            [
              76.2,
              -69.2
            ],
            [
              76.2,
              -69.28
            ]
          ]
        ]
      }
    },
    {
      "type": "Feature",
      "properties": {
        "cell_id": "GRID_15_10",
        "row": 10,
        "col": 15,
        "sea_ice_concentration": 81.2,
        "risk_level": "EXTREME",
        "traversal_penalty": 9.12
      },
      "geometry": {
        "type": "Polygon",
        "coordinates": [
          [
            [
              76.2,
              -69.2
            ],
            [
              76.28,
              -69.2
            ],
            [
              76.28,
              -69.12
            ],
            [
              76.2,
              -69.12
            ],
            [
              76.2,
              -69.2
            ]
          ]
        ]
      }
    },
    {
      "type": "Feature",
      "properties": {
        "cell_id": "GRID_15_11",
        "row": 11,
        "col": 15,
        "sea_ice_concentration": 86.0,
        "risk_level": "EXTREME",
        "traversal_penalty": 9.6
      },
      "geometry": {
        "type": "Polygon",
        "coordinates": [
          [
            [
              76.2,
              -69.12
            ],
            [
              76.28,
              -69.12
            ],
            [
              76.28,
              -69.04
            ],
            [
              76.2,
              -69.04
            ],
            [
              76.2,
              -69.12
            ]
          ]
        ]
      }
    },
    {
      "type": "Feature",
      "properties": {
        "cell_id": "GRID_15_12",
        "row": 12,
        "col": 15,
        "sea_ice_concentration": 71.9,
        "risk_level": "HIGH",
        "traversal_penalty": 8.19
      },
      "geometry": {
        "type": "Polygon",
        "coordinates": [
          [
            [
              76.2,
              -69.04
            ],
            [
              76.28,
              -69.04
            ],
            [
              76.28,
              -68.96
            ],
            [
              76.2,
              -68.96
            ],
            [
              76.2,
              -69.04
            ]
          ]
        ]
      }
    },
    {
      "type": "Feature",
      "properties": {
        "cell_id": "GRID_15_13",
        "row": 13,
        "col": 15,
        "sea_ice_concentration": 77.0,
        "risk_level": "HIGH",
        "traversal_penalty": 8.7
      },
      "geometry": {
        "type": "Polygon",
        "coordinates": [
          [
            [
              76.2,
              -68.96
            ],
            [
              76.28,
              -68.96
            ],
            [
              76.28,
              -68.88
            ],
            [
              76.2,
              -68.88
            ],
            [
              76.2,
              -68.96
            ]
          ]
        ]
      }
    },
    {
      "type": "Feature",
      "properties": {
        "cell_id": "GRID_15_14",
        "row": 14,
        "col": 15,
        "sea_ice_concentration": 74.8,
        "risk_level": "HIGH",
        "traversal_penalty": 8.48
      },
      "geometry": {
        "type": "Polygon",
        "coordinates": [
          [
            [
              76.2,
              -68.88
            ],
            [
              76.28,
              -68.88
            ],
            [
              76.28,
              -68.8
            ],
            [
              76.2,
              -68.8
            ],
            [
              76.2,
              -68.88
            ]
          ]
        ]
      }
    },
    {
      "type": "Feature",
      "properties": {
        "cell_id": "GRID_15_15",
        "row": 15,
        "col": 15,
        "sea_ice_concentration": 60.3,
        "risk_level": "HIGH",
        "traversal_penalty": 7.03
      },
      "geometry": {
        "type": "Polygon",
        "coordinates": [
          [
            [
              76.2,
              -68.8
            ],
            [
              76.28,
              -68.8
            ],
            [
              76.28,
              -68.72
            ],
            [
              76.2,
              -68.72
            ],
            [
              76.2,
              -68.8
            ]
          ]
        ]
      }
    },
    {
      "type": "Feature",
      "properties": {
        "cell_id": "GRID_15_16",
        "row": 16,
        "col": 15,
        "sea_ice_concentration": 57.8,
        "risk_level": "HIGH",
        "traversal_penalty": 6.78
      },
      "geometry": {
        "type": "Polygon",
        "coordinates": [
          [
            [
              76.2,
              -68.72
            ],
            [
              76.28,
              -68.72
            ],
            [
              76.28,
              -68.64
            ],
            [
              76.2,
              -68.64
            ],
            [
              76.2,
              -68.72
            ]
          ]
        ]
      }
    },
    {
      "type": "Feature",
      "properties": {
        "cell_id": "GRID_15_17",
        "row": 17,
        "col": 15,
        "sea_ice_concentration": 53.6,
        "risk_level": "MEDIUM",
        "traversal_penalty": 6.36
      },
      "geometry": {
        "type": "Polygon",
        "coordinates": [
          [
            [
              76.2,
              -68.64
            ],
            [
              76.28,
              -68.64
            ],
            [
              76.28,
              -68.56
            ],
            [
              76.2,
              -68.56
            ],
            [
              76.2,
              -68.64
            ]
          ]
        ]
      }
    },
    {
      "type": "Feature",
      "properties": {
        "cell_id": "GRID_15_18",
        "row": 18,
        "col": 15,
        "sea_ice_concentration": 62.3,
        "risk_level": "HIGH",
        "traversal_penalty": 7.23
      },
      "geometry": {
        "type": "Polygon",
        "coordinates": [
          [
            [
              76.2,
              -68.56
            ],
            [
              76.28,
              -68.56
            ],
            [
              76.28,
              -68.48
            ],
            [
              76.2,
              -68.48
            ],
            [
              76.2,
              -68.56
            ]
          ]
        ]
      }
    },
    {
      "type": "Feature",
      "properties": {
        "cell_id": "GRID_15_19",
        "row": 19,
        "col": 15,
        "sea_ice_concentration": 48.8,
        "risk_level": "MEDIUM",
        "traversal_penalty": 5.88
      },
      "geometry": {
        "type": "Polygon",
        "coordinates": [
          [
            [
              76.2,
              -68.48
            ],
            [
              76.28,
              -68.48
            ],
            [
              76.28,
              -68.4
            ],
            [
              76.2,
              -68.4
            ],
            [
              76.2,
              -68.48
            ]
          ]
        ]
      }
    },
    {
      "type": "Feature",
      "properties": {
        "cell_id": "GRID_15_20",
        "row": 20,
        "col": 15,
        "sea_ice_concentration": 49.8,
        "risk_level": "MEDIUM",
        "traversal_penalty": 5.98
      },
      "geometry": {
        "type": "Polygon",
        "coordinates": [
          [
            [
              76.2,
              -68.4
            ],
            [
              76.28,
              -68.4
            ],
            [
              76.28,
              -68.32
            ],
            [
              76.2,
              -68.32
            ],
            [
              76.2,
              -68.4
            ]
          ]
        ]
      }
    },
    {
      "type": "Feature",
      "properties": {
        "cell_id": "GRID_15_21",
        "row": 21,
        "col": 15,
        "sea_ice_concentration": 41.1,
        "risk_level": "MEDIUM",
        "traversal_penalty": 5.11
      },
      "geometry": {
        "type": "Polygon",
        "coordinates": [
          [
            [
              76.2,
              -68.32
            ],
            [
              76.28,
              -68.32
            ],
            [
              76.28,
              -68.24
            ],
            [
              76.2,
              -68.24
            ],
            [
              76.2,
              -68.32
            ]
          ]
        ]
      }
    },
    {
      "type": "Feature",
      "properties": {
        "cell_id": "GRID_15_22",
        "row": 22,
        "col": 15,
        "sea_ice_concentration": 39.3,
        "risk_level": "MEDIUM",
        "traversal_penalty": 4.93
      },
      "geometry": {
        "type": "Polygon",
        "coordinates": [
          [
            [
              76.2,
              -68.24
            ],
            [
              76.28,
              -68.24
            ],
            [
              76.28,
              -68.16
            ],
            [
              76.2,
              -68.16
            ],
            [
              76.2,
              -68.24
            ]
          ]
        ]
      }
    },
    {
      "type": "Feature",
      "properties": {
        "cell_id": "GRID_15_23",
        "row": 23,
        "col": 15,
        "sea_ice_concentration": 28.1,
        "risk_level": "MEDIUM",
        "traversal_penalty": 3.81
      },
      "geometry": {
        "type": "Polygon",
        "coordinates": [
          [
            [
              76.2,
              -68.16
            ],
            [
              76.28,
              -68.16
            ],
            [
              76.28,
              -68.08
            ],
            [
              76.2,
              -68.08
            ],
            [
              76.2,
              -68.16
            ]
          ]
        ]
      }
    },
    {
      "type": "Feature",
      "properties": {
        "cell_id": "GRID_15_24",
        "row": 24,
        "col": 15,
        "sea_ice_concentration": 20.2,
        "risk_level": "LOW",
        "traversal_penalty": 3.02
      },
      "geometry": {
        "type": "Polygon",
        "coordinates": [
          [
            [
              76.2,
              -68.08
            ],
            [
              76.28,
              -68.08
            ],
            [
              76.28,
              -68.0
            ],
            [
              76.2,
              -68.0
            ],
            [
              76.2,
              -68.08
            ]
          ]
        ]
      }
    },
    {
      "type": "Feature",
      "properties": {
        "cell_id": "GRID_16_00",
        "row": 0,
        "col": 16,
        "sea_ice_concentration": 96.3,
        "risk_level": "EXTREME",
        "traversal_penalty": 10.63
      },
      "geometry": {
        "type": "Polygon",
        "coordinates": [
          [
            [
              76.28,
              -70.0
            ],
            [
              76.36,
              -70.0
            ],
            [
              76.36,
              -69.92
            ],
            [
              76.28,
              -69.92
            ],
            [
              76.28,
              -70.0
            ]
          ]
        ]
      }
    },
    {
      "type": "Feature",
      "properties": {
        "cell_id": "GRID_16_01",
        "row": 1,
        "col": 16,
        "sea_ice_concentration": 100,
        "risk_level": "EXTREME",
        "traversal_penalty": 11.0
      },
      "geometry": {
        "type": "Polygon",
        "coordinates": [
          [
            [
              76.28,
              -69.92
            ],
            [
              76.36,
              -69.92
            ],
            [
              76.36,
              -69.84
            ],
            [
              76.28,
              -69.84
            ],
            [
              76.28,
              -69.92
            ]
          ]
        ]
      }
    },
    {
      "type": "Feature",
      "properties": {
        "cell_id": "GRID_16_02",
        "row": 2,
        "col": 16,
        "sea_ice_concentration": 95.0,
        "risk_level": "EXTREME",
        "traversal_penalty": 10.5
      },
      "geometry": {
        "type": "Polygon",
        "coordinates": [
          [
            [
              76.28,
              -69.84
            ],
            [
              76.36,
              -69.84
            ],
            [
              76.36,
              -69.76
            ],
            [
              76.28,
              -69.76
            ],
            [
              76.28,
              -69.84
            ]
          ]
        ]
      }
    },
    {
      "type": "Feature",
      "properties": {
        "cell_id": "GRID_16_03",
        "row": 3,
        "col": 16,
        "sea_ice_concentration": 96.0,
        "risk_level": "EXTREME",
        "traversal_penalty": 10.6
      },
      "geometry": {
        "type": "Polygon",
        "coordinates": [
          [
            [
              76.28,
              -69.76
            ],
            [
              76.36,
              -69.76
            ],
            [
              76.36,
              -69.68
            ],
            [
              76.28,
              -69.68
            ],
            [
              76.28,
              -69.76
            ]
          ]
        ]
      }
    },
    {
      "type": "Feature",
      "properties": {
        "cell_id": "GRID_16_04",
        "row": 4,
        "col": 16,
        "sea_ice_concentration": 100,
        "risk_level": "EXTREME",
        "traversal_penalty": 11.0
      },
      "geometry": {
        "type": "Polygon",
        "coordinates": [
          [
            [
              76.28,
              -69.68
            ],
            [
              76.36,
              -69.68
            ],
            [
              76.36,
              -69.6
            ],
            [
              76.28,
              -69.6
            ],
            [
              76.28,
              -69.68
            ]
          ]
        ]
      }
    },
    {
      "type": "Feature",
      "properties": {
        "cell_id": "GRID_16_05",
        "row": 5,
        "col": 16,
        "sea_ice_concentration": 99.1,
        "risk_level": "EXTREME",
        "traversal_penalty": 10.91
      },
      "geometry": {
        "type": "Polygon",
        "coordinates": [
          [
            [
              76.28,
              -69.6
            ],
            [
              76.36,
              -69.6
            ],
            [
              76.36,
              -69.52
            ],
            [
              76.28,
              -69.52
            ],
            [
              76.28,
              -69.6
            ]
          ]
        ]
      }
    },
    {
      "type": "Feature",
      "properties": {
        "cell_id": "GRID_16_06",
        "row": 6,
        "col": 16,
        "sea_ice_concentration": 89.4,
        "risk_level": "EXTREME",
        "traversal_penalty": 9.94
      },
      "geometry": {
        "type": "Polygon",
        "coordinates": [
          [
            [
              76.28,
              -69.52
            ],
            [
              76.36,
              -69.52
            ],
            [
              76.36,
              -69.44
            ],
            [
              76.28,
              -69.44
            ],
            [
              76.28,
              -69.52
            ]
          ]
        ]
      }
    },
    {
      "type": "Feature",
      "properties": {
        "cell_id": "GRID_16_07",
        "row": 7,
        "col": 16,
        "sea_ice_concentration": 97.1,
        "risk_level": "EXTREME",
        "traversal_penalty": 10.71
      },
      "geometry": {
        "type": "Polygon",
        "coordinates": [
          [
            [
              76.28,
              -69.44
            ],
            [
              76.36,
              -69.44
            ],
            [
              76.36,
              -69.36
            ],
            [
              76.28,
              -69.36
            ],
            [
              76.28,
              -69.44
            ]
          ]
        ]
      }
    },
    {
      "type": "Feature",
      "properties": {
        "cell_id": "GRID_16_08",
        "row": 8,
        "col": 16,
        "sea_ice_concentration": 86.8,
        "risk_level": "EXTREME",
        "traversal_penalty": 9.68
      },
      "geometry": {
        "type": "Polygon",
        "coordinates": [
          [
            [
              76.28,
              -69.36
            ],
            [
              76.36,
              -69.36
            ],
            [
              76.36,
              -69.28
            ],
            [
              76.28,
              -69.28
            ],
            [
              76.28,
              -69.36
            ]
          ]
        ]
      }
    },
    {
      "type": "Feature",
      "properties": {
        "cell_id": "GRID_16_09",
        "row": 9,
        "col": 16,
        "sea_ice_concentration": 73.6,
        "risk_level": "HIGH",
        "traversal_penalty": 8.36
      },
      "geometry": {
        "type": "Polygon",
        "coordinates": [
          [
            [
              76.28,
              -69.28
            ],
            [
              76.36,
              -69.28
            ],
            [
              76.36,
              -69.2
            ],
            [
              76.28,
              -69.2
            ],
            [
              76.28,
              -69.28
            ]
          ]
        ]
      }
    },
    {
      "type": "Feature",
      "properties": {
        "cell_id": "GRID_16_10",
        "row": 10,
        "col": 16,
        "sea_ice_concentration": 82.8,
        "risk_level": "EXTREME",
        "traversal_penalty": 9.28
      },
      "geometry": {
        "type": "Polygon",
        "coordinates": [
          [
            [
              76.28,
              -69.2
            ],
            [
              76.36,
              -69.2
            ],
            [
              76.36,
              -69.12
            ],
            [
              76.28,
              -69.12
            ],
            [
              76.28,
              -69.2
            ]
          ]
        ]
      }
    },
    {
      "type": "Feature",
      "properties": {
        "cell_id": "GRID_16_11",
        "row": 11,
        "col": 16,
        "sea_ice_concentration": 79.9,
        "risk_level": "HIGH",
        "traversal_penalty": 8.99
      },
      "geometry": {
        "type": "Polygon",
        "coordinates": [
          [
            [
              76.28,
              -69.12
            ],
            [
              76.36,
              -69.12
            ],
            [
              76.36,
              -69.04
            ],
            [
              76.28,
              -69.04
            ],
            [
              76.28,
              -69.12
            ]
          ]
        ]
      }
    },
    {
      "type": "Feature",
      "properties": {
        "cell_id": "GRID_16_12",
        "row": 12,
        "col": 16,
        "sea_ice_concentration": 66.7,
        "risk_level": "HIGH",
        "traversal_penalty": 7.67
      },
      "geometry": {
        "type": "Polygon",
        "coordinates": [
          [
            [
              76.28,
              -69.04
            ],
            [
              76.36,
              -69.04
            ],
            [
              76.36,
              -68.96
            ],
            [
              76.28,
              -68.96
            ],
            [
              76.28,
              -69.04
            ]
          ]
        ]
      }
    },
    {
      "type": "Feature",
      "properties": {
        "cell_id": "GRID_16_13",
        "row": 13,
        "col": 16,
        "sea_ice_concentration": 62.2,
        "risk_level": "HIGH",
        "traversal_penalty": 7.22
      },
      "geometry": {
        "type": "Polygon",
        "coordinates": [
          [
            [
              76.28,
              -68.96
            ],
            [
              76.36,
              -68.96
            ],
            [
              76.36,
              -68.88
            ],
            [
              76.28,
              -68.88
            ],
            [
              76.28,
              -68.96
            ]
          ]
        ]
      }
    },
    {
      "type": "Feature",
      "properties": {
        "cell_id": "GRID_16_14",
        "row": 14,
        "col": 16,
        "sea_ice_concentration": 59.0,
        "risk_level": "HIGH",
        "traversal_penalty": 6.9
      },
      "geometry": {
        "type": "Polygon",
        "coordinates": [
          [
            [
              76.28,
              -68.88
            ],
            [
              76.36,
              -68.88
            ],
            [
              76.36,
              -68.8
            ],
            [
              76.28,
              -68.8
            ],
            [
              76.28,
              -68.88
            ]
          ]
        ]
      }
    },
    {
      "type": "Feature",
      "properties": {
        "cell_id": "GRID_16_15",
        "row": 15,
        "col": 16,
        "sea_ice_concentration": 51.9,
        "risk_level": "MEDIUM",
        "traversal_penalty": 6.19
      },
      "geometry": {
        "type": "Polygon",
        "coordinates": [
          [
            [
              76.28,
              -68.8
            ],
            [
              76.36,
              -68.8
            ],
            [
              76.36,
              -68.72
            ],
            [
              76.28,
              -68.72
            ],
            [
              76.28,
              -68.8
            ]
          ]
        ]
      }
    },
    {
      "type": "Feature",
      "properties": {
        "cell_id": "GRID_16_16",
        "row": 16,
        "col": 16,
        "sea_ice_concentration": 59.9,
        "risk_level": "HIGH",
        "traversal_penalty": 6.99
      },
      "geometry": {
        "type": "Polygon",
        "coordinates": [
          [
            [
              76.28,
              -68.72
            ],
            [
              76.36,
              -68.72
            ],
            [
              76.36,
              -68.64
            ],
            [
              76.28,
              -68.64
            ],
            [
              76.28,
              -68.72
            ]
          ]
        ]
      }
    },
    {
      "type": "Feature",
      "properties": {
        "cell_id": "GRID_16_17",
        "row": 17,
        "col": 16,
        "sea_ice_concentration": 45.1,
        "risk_level": "MEDIUM",
        "traversal_penalty": 5.51
      },
      "geometry": {
        "type": "Polygon",
        "coordinates": [
          [
            [
              76.28,
              -68.64
            ],
            [
              76.36,
              -68.64
            ],
            [
              76.36,
              -68.56
            ],
            [
              76.28,
              -68.56
            ],
            [
              76.28,
              -68.64
            ]
          ]
        ]
      }
    },
    {
      "type": "Feature",
      "properties": {
        "cell_id": "GRID_16_18",
        "row": 18,
        "col": 16,
        "sea_ice_concentration": 54.2,
        "risk_level": "MEDIUM",
        "traversal_penalty": 6.42
      },
      "geometry": {
        "type": "Polygon",
        "coordinates": [
          [
            [
              76.28,
              -68.56
            ],
            [
              76.36,
              -68.56
            ],
            [
              76.36,
              -68.48
            ],
            [
              76.28,
              -68.48
            ],
            [
              76.28,
              -68.56
            ]
          ]
        ]
      }
    },
    {
      "type": "Feature",
      "properties": {
        "cell_id": "GRID_16_19",
        "row": 19,
        "col": 16,
        "sea_ice_concentration": 41.5,
        "risk_level": "MEDIUM",
        "traversal_penalty": 5.15
      },
      "geometry": {
        "type": "Polygon",
        "coordinates": [
          [
            [
              76.28,
              -68.48
            ],
            [
              76.36,
              -68.48
            ],
            [
              76.36,
              -68.4
            ],
            [
              76.28,
              -68.4
            ],
            [
              76.28,
              -68.48
            ]
          ]
        ]
      }
    },
    {
      "type": "Feature",
      "properties": {
        "cell_id": "GRID_16_20",
        "row": 20,
        "col": 16,
        "sea_ice_concentration": 35.9,
        "risk_level": "MEDIUM",
        "traversal_penalty": 4.59
      },
      "geometry": {
        "type": "Polygon",
        "coordinates": [
          [
            [
              76.28,
              -68.4
            ],
            [
              76.36,
              -68.4
            ],
            [
              76.36,
              -68.32
            ],
            [
              76.28,
              -68.32
            ],
            [
              76.28,
              -68.4
            ]
          ]
        ]
      }
    },
    {
      "type": "Feature",
      "properties": {
        "cell_id": "GRID_16_21",
        "row": 21,
        "col": 16,
        "sea_ice_concentration": 42.1,
        "risk_level": "MEDIUM",
        "traversal_penalty": 5.21
      },
      "geometry": {
        "type": "Polygon",
        "coordinates": [
          [
            [
              76.28,
              -68.32
            ],
            [
              76.36,
              -68.32
            ],
            [
              76.36,
              -68.24
            ],
            [
              76.28,
              -68.24
            ],
            [
              76.28,
              -68.32
            ]
          ]
        ]
      }
    },
    {
      "type": "Feature",
      "properties": {
        "cell_id": "GRID_16_22",
        "row": 22,
        "col": 16,
        "sea_ice_concentration": 38.0,
        "risk_level": "MEDIUM",
        "traversal_penalty": 4.8
      },
      "geometry": {
        "type": "Polygon",
        "coordinates": [
          [
            [
              76.28,
              -68.24
            ],
            [
              76.36,
              -68.24
            ],
            [
              76.36,
              -68.16
            ],
            [
              76.28,
              -68.16
            ],
            [
              76.28,
              -68.24
            ]
          ]
        ]
      }
    },
    {
      "type": "Feature",
      "properties": {
        "cell_id": "GRID_16_23",
        "row": 23,
        "col": 16,
        "sea_ice_concentration": 25.6,
        "risk_level": "MEDIUM",
        "traversal_penalty": 3.56
      },
      "geometry": {
        "type": "Polygon",
        "coordinates": [
          [
            [
              76.28,
              -68.16
            ],
            [
              76.36,
              -68.16
            ],
            [
              76.36,
              -68.08
            ],
            [
              76.28,
              -68.08
            ],
            [
              76.28,
              -68.16
            ]
          ]
        ]
      }
    },
    {
      "type": "Feature",
      "properties": {
        "cell_id": "GRID_16_24",
        "row": 24,
        "col": 16,
        "sea_ice_concentration": 30.3,
        "risk_level": "MEDIUM",
        "traversal_penalty": 4.03
      },
      "geometry": {
        "type": "Polygon",
        "coordinates": [
          [
            [
              76.28,
              -68.08
            ],
            [
              76.36,
              -68.08
            ],
            [
              76.36,
              -68.0
            ],
            [
              76.28,
              -68.0
            ],
            [
              76.28,
              -68.08
            ]
          ]
        ]
      }
    },
    {
      "type": "Feature",
      "properties": {
        "cell_id": "GRID_17_00",
        "row": 0,
        "col": 17,
        "sea_ice_concentration": 98.1,
        "risk_level": "EXTREME",
        "traversal_penalty": 10.81
      },
      "geometry": {
        "type": "Polygon",
        "coordinates": [
          [
            [
              76.36,
              -70.0
            ],
            [
              76.44,
              -70.0
            ],
            [
              76.44,
              -69.92
            ],
            [
              76.36,
              -69.92
            ],
            [
              76.36,
              -70.0
            ]
          ]
        ]
      }
    },
    {
      "type": "Feature",
      "properties": {
        "cell_id": "GRID_17_01",
        "row": 1,
        "col": 17,
        "sea_ice_concentration": 100,
        "risk_level": "EXTREME",
        "traversal_penalty": 11.0
      },
      "geometry": {
        "type": "Polygon",
        "coordinates": [
          [
            [
              76.36,
              -69.92
            ],
            [
              76.44,
              -69.92
            ],
            [
              76.44,
              -69.84
            ],
            [
              76.36,
              -69.84
            ],
            [
              76.36,
              -69.92
            ]
          ]
        ]
      }
    },
    {
      "type": "Feature",
      "properties": {
        "cell_id": "GRID_17_02",
        "row": 2,
        "col": 17,
        "sea_ice_concentration": 88.1,
        "risk_level": "EXTREME",
        "traversal_penalty": 9.81
      },
      "geometry": {
        "type": "Polygon",
        "coordinates": [
          [
            [
              76.36,
              -69.84
            ],
            [
              76.44,
              -69.84
            ],
            [
              76.44,
              -69.76
            ],
            [
              76.36,
              -69.76
            ],
            [
              76.36,
              -69.84
            ]
          ]
        ]
      }
    },
    {
      "type": "Feature",
      "properties": {
        "cell_id": "GRID_17_03",
        "row": 3,
        "col": 17,
        "sea_ice_concentration": 100,
        "risk_level": "EXTREME",
        "traversal_penalty": 11.0
      },
      "geometry": {
        "type": "Polygon",
        "coordinates": [
          [
            [
              76.36,
              -69.76
            ],
            [
              76.44,
              -69.76
            ],
            [
              76.44,
              -69.68
            ],
            [
              76.36,
              -69.68
            ],
            [
              76.36,
              -69.76
            ]
          ]
        ]
      }
    },
    {
      "type": "Feature",
      "properties": {
        "cell_id": "GRID_17_04",
        "row": 4,
        "col": 17,
        "sea_ice_concentration": 100,
        "risk_level": "EXTREME",
        "traversal_penalty": 11.0
      },
      "geometry": {
        "type": "Polygon",
        "coordinates": [
          [
            [
              76.36,
              -69.68
            ],
            [
              76.44,
              -69.68
            ],
            [
              76.44,
              -69.6
            ],
            [
              76.36,
              -69.6
            ],
            [
              76.36,
              -69.68
            ]
          ]
        ]
      }
    },
    {
      "type": "Feature",
      "properties": {
        "cell_id": "GRID_17_05",
        "row": 5,
        "col": 17,
        "sea_ice_concentration": 100,
        "risk_level": "EXTREME",
        "traversal_penalty": 11.0
      },
      "geometry": {
        "type": "Polygon",
        "coordinates": [
          [
            [
              76.36,
              -69.6
            ],
            [
              76.44,
              -69.6
            ],
            [
              76.44,
              -69.52
            ],
            [
              76.36,
              -69.52
            ],
            [
              76.36,
              -69.6
            ]
          ]
        ]
      }
    },
    {
      "type": "Feature",
      "properties": {
        "cell_id": "GRID_17_06",
        "row": 6,
        "col": 17,
        "sea_ice_concentration": 93.3,
        "risk_level": "EXTREME",
        "traversal_penalty": 10.33
      },
      "geometry": {
        "type": "Polygon",
        "coordinates": [
          [
            [
              76.36,
              -69.52
            ],
            [
              76.44,
              -69.52
            ],
            [
              76.44,
              -69.44
            ],
            [
              76.36,
              -69.44
            ],
            [
              76.36,
              -69.52
            ]
          ]
        ]
      }
    },
    {
      "type": "Feature",
      "properties": {
        "cell_id": "GRID_17_07",
        "row": 7,
        "col": 17,
        "sea_ice_concentration": 85.4,
        "risk_level": "EXTREME",
        "traversal_penalty": 9.54
      },
      "geometry": {
        "type": "Polygon",
        "coordinates": [
          [
            [
              76.36,
              -69.44
            ],
            [
              76.44,
              -69.44
            ],
            [
              76.44,
              -69.36
            ],
            [
              76.36,
              -69.36
            ],
            [
              76.36,
              -69.44
            ]
          ]
        ]
      }
    },
    {
      "type": "Feature",
      "properties": {
        "cell_id": "GRID_17_08",
        "row": 8,
        "col": 17,
        "sea_ice_concentration": 77.9,
        "risk_level": "HIGH",
        "traversal_penalty": 8.79
      },
      "geometry": {
        "type": "Polygon",
        "coordinates": [
          [
            [
              76.36,
              -69.36
            ],
            [
              76.44,
              -69.36
            ],
            [
              76.44,
              -69.28
            ],
            [
              76.36,
              -69.28
            ],
            [
              76.36,
              -69.36
            ]
          ]
        ]
      }
    },
    {
      "type": "Feature",
      "properties": {
        "cell_id": "GRID_17_09",
        "row": 9,
        "col": 17,
        "sea_ice_concentration": 76.0,
        "risk_level": "HIGH",
        "traversal_penalty": 8.6
      },
      "geometry": {
        "type": "Polygon",
        "coordinates": [
          [
            [
              76.36,
              -69.28
            ],
            [
              76.44,
              -69.28
            ],
            [
              76.44,
              -69.2
            ],
            [
              76.36,
              -69.2
            ],
            [
              76.36,
              -69.28
            ]
          ]
        ]
      }
    },
    {
      "type": "Feature",
      "properties": {
        "cell_id": "GRID_17_10",
        "row": 10,
        "col": 17,
        "sea_ice_concentration": 77.8,
        "risk_level": "HIGH",
        "traversal_penalty": 8.78
      },
      "geometry": {
        "type": "Polygon",
        "coordinates": [
          [
            [
              76.36,
              -69.2
            ],
            [
              76.44,
              -69.2
            ],
            [
              76.44,
              -69.12
            ],
            [
              76.36,
              -69.12
            ],
            [
              76.36,
              -69.2
            ]
          ]
        ]
      }
    },
    {
      "type": "Feature",
      "properties": {
        "cell_id": "GRID_17_11",
        "row": 11,
        "col": 17,
        "sea_ice_concentration": 80.5,
        "risk_level": "EXTREME",
        "traversal_penalty": 9.05
      },
      "geometry": {
        "type": "Polygon",
        "coordinates": [
          [
            [
              76.36,
              -69.12
            ],
            [
              76.44,
              -69.12
            ],
            [
              76.44,
              -69.04
            ],
            [
              76.36,
              -69.04
            ],
            [
              76.36,
              -69.12
            ]
          ]
        ]
      }
    },
    {
      "type": "Feature",
      "properties": {
        "cell_id": "GRID_17_12",
        "row": 12,
        "col": 17,
        "sea_ice_concentration": 73.6,
        "risk_level": "HIGH",
        "traversal_penalty": 8.36
      },
      "geometry": {
        "type": "Polygon",
        "coordinates": [
          [
            [
              76.36,
              -69.04
            ],
            [
              76.44,
              -69.04
            ],
            [
              76.44,
              -68.96
            ],
            [
              76.36,
              -68.96
            ],
            [
              76.36,
              -69.04
            ]
          ]
        ]
      }
    },
    {
      "type": "Feature",
      "properties": {
        "cell_id": "GRID_17_13",
        "row": 13,
        "col": 17,
        "sea_ice_concentration": 63.1,
        "risk_level": "HIGH",
        "traversal_penalty": 7.31
      },
      "geometry": {
        "type": "Polygon",
        "coordinates": [
          [
            [
              76.36,
              -68.96
            ],
            [
              76.44,
              -68.96
            ],
            [
              76.44,
              -68.88
            ],
            [
              76.36,
              -68.88
            ],
            [
              76.36,
              -68.96
            ]
          ]
        ]
      }
    },
    {
      "type": "Feature",
      "properties": {
        "cell_id": "GRID_17_14",
        "row": 14,
        "col": 17,
        "sea_ice_concentration": 58.7,
        "risk_level": "HIGH",
        "traversal_penalty": 6.87
      },
      "geometry": {
        "type": "Polygon",
        "coordinates": [
          [
            [
              76.36,
              -68.88
            ],
            [
              76.44,
              -68.88
            ],
            [
              76.44,
              -68.8
            ],
            [
              76.36,
              -68.8
            ],
            [
              76.36,
              -68.88
            ]
          ]
        ]
      }
    },
    {
      "type": "Feature",
      "properties": {
        "cell_id": "GRID_17_15",
        "row": 15,
        "col": 17,
        "sea_ice_concentration": 60.1,
        "risk_level": "HIGH",
        "traversal_penalty": 7.01
      },
      "geometry": {
        "type": "Polygon",
        "coordinates": [
          [
            [
              76.36,
              -68.8
            ],
            [
              76.44,
              -68.8
            ],
            [
              76.44,
              -68.72
            ],
            [
              76.36,
              -68.72
            ],
            [
              76.36,
              -68.8
            ]
          ]
        ]
      }
    },
    {
      "type": "Feature",
      "properties": {
        "cell_id": "GRID_17_16",
        "row": 16,
        "col": 17,
        "sea_ice_concentration": 63.3,
        "risk_level": "HIGH",
        "traversal_penalty": 7.33
      },
      "geometry": {
        "type": "Polygon",
        "coordinates": [
          [
            [
              76.36,
              -68.72
            ],
            [
              76.44,
              -68.72
            ],
            [
              76.44,
              -68.64
            ],
            [
              76.36,
              -68.64
            ],
            [
              76.36,
              -68.72
            ]
          ]
        ]
      }
    },
    {
      "type": "Feature",
      "properties": {
        "cell_id": "GRID_17_17",
        "row": 17,
        "col": 17,
        "sea_ice_concentration": 56.1,
        "risk_level": "HIGH",
        "traversal_penalty": 6.61
      },
      "geometry": {
        "type": "Polygon",
        "coordinates": [
          [
            [
              76.36,
              -68.64
            ],
            [
              76.44,
              -68.64
            ],
            [
              76.44,
              -68.56
            ],
            [
              76.36,
              -68.56
            ],
            [
              76.36,
              -68.64
            ]
          ]
        ]
      }
    },
    {
      "type": "Feature",
      "properties": {
        "cell_id": "GRID_17_18",
        "row": 18,
        "col": 17,
        "sea_ice_concentration": 60.2,
        "risk_level": "HIGH",
        "traversal_penalty": 7.02
      },
      "geometry": {
        "type": "Polygon",
        "coordinates": [
          [
            [
              76.36,
              -68.56
            ],
            [
              76.44,
              -68.56
            ],
            [
              76.44,
              -68.48
            ],
            [
              76.36,
              -68.48
            ],
            [
              76.36,
              -68.56
            ]
          ]
        ]
      }
    },
    {
      "type": "Feature",
      "properties": {
        "cell_id": "GRID_17_19",
        "row": 19,
        "col": 17,
        "sea_ice_concentration": 51.2,
        "risk_level": "MEDIUM",
        "traversal_penalty": 6.12
      },
      "geometry": {
        "type": "Polygon",
        "coordinates": [
          [
            [
              76.36,
              -68.48
            ],
            [
              76.44,
              -68.48
            ],
            [
              76.44,
              -68.4
            ],
            [
              76.36,
              -68.4
            ],
            [
              76.36,
              -68.48
            ]
          ]
        ]
      }
    },
    {
      "type": "Feature",
      "properties": {
        "cell_id": "GRID_17_20",
        "row": 20,
        "col": 17,
        "sea_ice_concentration": 37.5,
        "risk_level": "MEDIUM",
        "traversal_penalty": 4.75
      },
      "geometry": {
        "type": "Polygon",
        "coordinates": [
          [
            [
              76.36,
              -68.4
            ],
            [
              76.44,
              -68.4
            ],
            [
              76.44,
              -68.32
            ],
            [
              76.36,
              -68.32
            ],
            [
              76.36,
              -68.4
            ]
          ]
        ]
      }
    },
    {
      "type": "Feature",
      "properties": {
        "cell_id": "GRID_17_21",
        "row": 21,
        "col": 17,
        "sea_ice_concentration": 50.1,
        "risk_level": "MEDIUM",
        "traversal_penalty": 6.01
      },
      "geometry": {
        "type": "Polygon",
        "coordinates": [
          [
            [
              76.36,
              -68.32
            ],
            [
              76.44,
              -68.32
            ],
            [
              76.44,
              -68.24
            ],
            [
              76.36,
              -68.24
            ],
            [
              76.36,
              -68.32
            ]
          ]
        ]
      }
    },
    {
      "type": "Feature",
      "properties": {
        "cell_id": "GRID_17_22",
        "row": 22,
        "col": 17,
        "sea_ice_concentration": 31.8,
        "risk_level": "MEDIUM",
        "traversal_penalty": 4.18
      },
      "geometry": {
        "type": "Polygon",
        "coordinates": [
          [
            [
              76.36,
              -68.24
            ],
            [
              76.44,
              -68.24
            ],
            [
              76.44,
              -68.16
            ],
            [
              76.36,
              -68.16
            ],
            [
              76.36,
              -68.24
            ]
          ]
        ]
      }
    },
    {
      "type": "Feature",
      "properties": {
        "cell_id": "GRID_17_23",
        "row": 23,
        "col": 17,
        "sea_ice_concentration": 40.5,
        "risk_level": "MEDIUM",
        "traversal_penalty": 5.05
      },
      "geometry": {
        "type": "Polygon",
        "coordinates": [
          [
            [
              76.36,
              -68.16
            ],
            [
              76.44,
              -68.16
            ],
            [
              76.44,
              -68.08
            ],
            [
              76.36,
              -68.08
            ],
            [
              76.36,
              -68.16
            ]
          ]
        ]
      }
    },
    {
      "type": "Feature",
      "properties": {
        "cell_id": "GRID_17_24",
        "row": 24,
        "col": 17,
        "sea_ice_concentration": 41.2,
        "risk_level": "MEDIUM",
        "traversal_penalty": 5.12
      },
      "geometry": {
        "type": "Polygon",
        "coordinates": [
          [
            [
              76.36,
              -68.08
            ],
            [
              76.44,
              -68.08
            ],
            [
              76.44,
              -68.0
            ],
            [
              76.36,
              -68.0
            ],
            [
              76.36,
              -68.08
            ]
          ]
        ]
      }
    },
    {
      "type": "Feature",
      "properties": {
        "cell_id": "GRID_18_00",
        "row": 0,
        "col": 18,
        "sea_ice_concentration": 97.2,
        "risk_level": "EXTREME",
        "traversal_penalty": 10.72
      },
      "geometry": {
        "type": "Polygon",
        "coordinates": [
          [
            [
              76.44,
              -70.0
            ],
            [
              76.52,
              -70.0
            ],
            [
              76.52,
              -69.92
            ],
            [
              76.44,
              -69.92
            ],
            [
              76.44,
              -70.0
            ]
          ]
        ]
      }
    },
    {
      "type": "Feature",
      "properties": {
        "cell_id": "GRID_18_01",
        "row": 1,
        "col": 18,
        "sea_ice_concentration": 88.6,
        "risk_level": "EXTREME",
        "traversal_penalty": 9.86
      },
      "geometry": {
        "type": "Polygon",
        "coordinates": [
          [
            [
              76.44,
              -69.92
            ],
            [
              76.52,
              -69.92
            ],
            [
              76.52,
              -69.84
            ],
            [
              76.44,
              -69.84
            ],
            [
              76.44,
              -69.92
            ]
          ]
        ]
      }
    },
    {
      "type": "Feature",
      "properties": {
        "cell_id": "GRID_18_02",
        "row": 2,
        "col": 18,
        "sea_ice_concentration": 100,
        "risk_level": "EXTREME",
        "traversal_penalty": 11.0
      },
      "geometry": {
        "type": "Polygon",
        "coordinates": [
          [
            [
              76.44,
              -69.84
            ],
            [
              76.52,
              -69.84
            ],
            [
              76.52,
              -69.76
            ],
            [
              76.44,
              -69.76
            ],
            [
              76.44,
              -69.84
            ]
          ]
        ]
      }
    },
    {
      "type": "Feature",
      "properties": {
        "cell_id": "GRID_18_03",
        "row": 3,
        "col": 18,
        "sea_ice_concentration": 100,
        "risk_level": "EXTREME",
        "traversal_penalty": 11.0
      },
      "geometry": {
        "type": "Polygon",
        "coordinates": [
          [
            [
              76.44,
              -69.76
            ],
            [
              76.52,
              -69.76
            ],
            [
              76.52,
              -69.68
            ],
            [
              76.44,
              -69.68
            ],
            [
              76.44,
              -69.76
            ]
          ]
        ]
      }
    },
    {
      "type": "Feature",
      "properties": {
        "cell_id": "GRID_18_04",
        "row": 4,
        "col": 18,
        "sea_ice_concentration": 97.8,
        "risk_level": "EXTREME",
        "traversal_penalty": 10.78
      },
      "geometry": {
        "type": "Polygon",
        "coordinates": [
          [
            [
              76.44,
              -69.68
            ],
            [
              76.52,
              -69.68
            ],
            [
              76.52,
              -69.6
            ],
            [
              76.44,
              -69.6
            ],
            [
              76.44,
              -69.68
            ]
          ]
        ]
      }
    },
    {
      "type": "Feature",
      "properties": {
        "cell_id": "GRID_18_05",
        "row": 5,
        "col": 18,
        "sea_ice_concentration": 91.3,
        "risk_level": "EXTREME",
        "traversal_penalty": 10.13
      },
      "geometry": {
        "type": "Polygon",
        "coordinates": [
          [
            [
              76.44,
              -69.6
            ],
            [
              76.52,
              -69.6
            ],
            [
              76.52,
              -69.52
            ],
            [
              76.44,
              -69.52
            ],
            [
              76.44,
              -69.6
            ]
          ]
        ]
      }
    },
    {
      "type": "Feature",
      "properties": {
        "cell_id": "GRID_18_06",
        "row": 6,
        "col": 18,
        "sea_ice_concentration": 84.7,
        "risk_level": "EXTREME",
        "traversal_penalty": 9.47
      },
      "geometry": {
        "type": "Polygon",
        "coordinates": [
          [
            [
              76.44,
              -69.52
            ],
            [
              76.52,
              -69.52
            ],
            [
              76.52,
              -69.44
            ],
            [
              76.44,
              -69.44
            ],
            [
              76.44,
              -69.52
            ]
          ]
        ]
      }
    },
    {
      "type": "Feature",
      "properties": {
        "cell_id": "GRID_18_07",
        "row": 7,
        "col": 18,
        "sea_ice_concentration": 83.4,
        "risk_level": "EXTREME",
        "traversal_penalty": 9.34
      },
      "geometry": {
        "type": "Polygon",
        "coordinates": [
          [
            [
              76.44,
              -69.44
            ],
            [
              76.52,
              -69.44
            ],
            [
              76.52,
              -69.36
            ],
            [
              76.44,
              -69.36
            ],
            [
              76.44,
              -69.44
            ]
          ]
        ]
      }
    },
    {
      "type": "Feature",
      "properties": {
        "cell_id": "GRID_18_08",
        "row": 8,
        "col": 18,
        "sea_ice_concentration": 82.6,
        "risk_level": "EXTREME",
        "traversal_penalty": 9.26
      },
      "geometry": {
        "type": "Polygon",
        "coordinates": [
          [
            [
              76.44,
              -69.36
            ],
            [
              76.52,
              -69.36
            ],
            [
              76.52,
              -69.28
            ],
            [
              76.44,
              -69.28
            ],
            [
              76.44,
              -69.36
            ]
          ]
        ]
      }
    },
    {
      "type": "Feature",
      "properties": {
        "cell_id": "GRID_18_09",
        "row": 9,
        "col": 18,
        "sea_ice_concentration": 84.5,
        "risk_level": "EXTREME",
        "traversal_penalty": 9.45
      },
      "geometry": {
        "type": "Polygon",
        "coordinates": [
          [
            [
              76.44,
              -69.28
            ],
            [
              76.52,
              -69.28
            ],
            [
              76.52,
              -69.2
            ],
            [
              76.44,
              -69.2
            ],
            [
              76.44,
              -69.28
            ]
          ]
        ]
      }
    },
    {
      "type": "Feature",
      "properties": {
        "cell_id": "GRID_18_10",
        "row": 10,
        "col": 18,
        "sea_ice_concentration": 74.0,
        "risk_level": "HIGH",
        "traversal_penalty": 8.4
      },
      "geometry": {
        "type": "Polygon",
        "coordinates": [
          [
            [
              76.44,
              -69.2
            ],
            [
              76.52,
              -69.2
            ],
            [
              76.52,
              -69.12
            ],
            [
              76.44,
              -69.12
            ],
            [
              76.44,
              -69.2
            ]
          ]
        ]
      }
    },
    {
      "type": "Feature",
      "properties": {
        "cell_id": "GRID_18_11",
        "row": 11,
        "col": 18,
        "sea_ice_concentration": 76.5,
        "risk_level": "HIGH",
        "traversal_penalty": 8.65
      },
      "geometry": {
        "type": "Polygon",
        "coordinates": [
          [
            [
              76.44,
              -69.12
            ],
            [
              76.52,
              -69.12
            ],
            [
              76.52,
              -69.04
            ],
            [
              76.44,
              -69.04
            ],
            [
              76.44,
              -69.12
            ]
          ]
        ]
      }
    },
    {
      "type": "Feature",
      "properties": {
        "cell_id": "GRID_18_12",
        "row": 12,
        "col": 18,
        "sea_ice_concentration": 75.9,
        "risk_level": "HIGH",
        "traversal_penalty": 8.59
      },
      "geometry": {
        "type": "Polygon",
        "coordinates": [
          [
            [
              76.44,
              -69.04
            ],
            [
              76.52,
              -69.04
            ],
            [
              76.52,
              -68.96
            ],
            [
              76.44,
              -68.96
            ],
            [
              76.44,
              -69.04
            ]
          ]
        ]
      }
    },
    {
      "type": "Feature",
      "properties": {
        "cell_id": "GRID_18_13",
        "row": 13,
        "col": 18,
        "sea_ice_concentration": 74.0,
        "risk_level": "HIGH",
        "traversal_penalty": 8.4
      },
      "geometry": {
        "type": "Polygon",
        "coordinates": [
          [
            [
              76.44,
              -68.96
            ],
            [
              76.52,
              -68.96
            ],
            [
              76.52,
              -68.88
            ],
            [
              76.44,
              -68.88
            ],
            [
              76.44,
              -68.96
            ]
          ]
        ]
      }
    },
    {
      "type": "Feature",
      "properties": {
        "cell_id": "GRID_18_14",
        "row": 14,
        "col": 18,
        "sea_ice_concentration": 67.8,
        "risk_level": "HIGH",
        "traversal_penalty": 7.78
      },
      "geometry": {
        "type": "Polygon",
        "coordinates": [
          [
            [
              76.44,
              -68.88
            ],
            [
              76.52,
              -68.88
            ],
            [
              76.52,
              -68.8
            ],
            [
              76.44,
              -68.8
            ],
            [
              76.44,
              -68.88
            ]
          ]
        ]
      }
    },
    {
      "type": "Feature",
      "properties": {
        "cell_id": "GRID_18_15",
        "row": 15,
        "col": 18,
        "sea_ice_concentration": 58.0,
        "risk_level": "HIGH",
        "traversal_penalty": 6.8
      },
      "geometry": {
        "type": "Polygon",
        "coordinates": [
          [
            [
              76.44,
              -68.8
            ],
            [
              76.52,
              -68.8
            ],
            [
              76.52,
              -68.72
            ],
            [
              76.44,
              -68.72
            ],
            [
              76.44,
              -68.8
            ]
          ]
        ]
      }
    },
    {
      "type": "Feature",
      "properties": {
        "cell_id": "GRID_18_16",
        "row": 16,
        "col": 18,
        "sea_ice_concentration": 47.9,
        "risk_level": "MEDIUM",
        "traversal_penalty": 5.79
      },
      "geometry": {
        "type": "Polygon",
        "coordinates": [
          [
            [
              76.44,
              -68.72
            ],
            [
              76.52,
              -68.72
            ],
            [
              76.52,
              -68.64
            ],
            [
              76.44,
              -68.64
            ],
            [
              76.44,
              -68.72
            ]
          ]
        ]
      }
    },
    {
      "type": "Feature",
      "properties": {
        "cell_id": "GRID_18_17",
        "row": 17,
        "col": 18,
        "sea_ice_concentration": 64.6,
        "risk_level": "HIGH",
        "traversal_penalty": 7.46
      },
      "geometry": {
        "type": "Polygon",
        "coordinates": [
          [
            [
              76.44,
              -68.64
            ],
            [
              76.52,
              -68.64
            ],
            [
              76.52,
              -68.56
            ],
            [
              76.44,
              -68.56
            ],
            [
              76.44,
              -68.64
            ]
          ]
        ]
      }
    },
    {
      "type": "Feature",
      "properties": {
        "cell_id": "GRID_18_18",
        "row": 18,
        "col": 18,
        "sea_ice_concentration": 48.8,
        "risk_level": "MEDIUM",
        "traversal_penalty": 5.88
      },
      "geometry": {
        "type": "Polygon",
        "coordinates": [
          [
            [
              76.44,
              -68.56
            ],
            [
              76.52,
              -68.56
            ],
            [
              76.52,
              -68.48
            ],
            [
              76.44,
              -68.48
            ],
            [
              76.44,
              -68.56
            ]
          ]
        ]
      }
    },
    {
      "type": "Feature",
      "properties": {
        "cell_id": "GRID_18_19",
        "row": 19,
        "col": 18,
        "sea_ice_concentration": 47.4,
        "risk_level": "MEDIUM",
        "traversal_penalty": 5.74
      },
      "geometry": {
        "type": "Polygon",
        "coordinates": [
          [
            [
              76.44,
              -68.48
            ],
            [
              76.52,
              -68.48
            ],
            [
              76.52,
              -68.4
            ],
            [
              76.44,
              -68.4
            ],
            [
              76.44,
              -68.48
            ]
          ]
        ]
      }
    },
    {
      "type": "Feature",
      "properties": {
        "cell_id": "GRID_18_20",
        "row": 20,
        "col": 18,
        "sea_ice_concentration": 51.1,
        "risk_level": "MEDIUM",
        "traversal_penalty": 6.11
      },
      "geometry": {
        "type": "Polygon",
        "coordinates": [
          [
            [
              76.44,
              -68.4
            ],
            [
              76.52,
              -68.4
            ],
            [
              76.52,
              -68.32
            ],
            [
              76.44,
              -68.32
            ],
            [
              76.44,
              -68.4
            ]
          ]
        ]
      }
    },
    {
      "type": "Feature",
      "properties": {
        "cell_id": "GRID_18_21",
        "row": 21,
        "col": 18,
        "sea_ice_concentration": 43.2,
        "risk_level": "MEDIUM",
        "traversal_penalty": 5.32
      },
      "geometry": {
        "type": "Polygon",
        "coordinates": [
          [
            [
              76.44,
              -68.32
            ],
            [
              76.52,
              -68.32
            ],
            [
              76.52,
              -68.24
            ],
            [
              76.44,
              -68.24
            ],
            [
              76.44,
              -68.32
            ]
          ]
        ]
      }
    },
    {
      "type": "Feature",
      "properties": {
        "cell_id": "GRID_18_22",
        "row": 22,
        "col": 18,
        "sea_ice_concentration": 29.1,
        "risk_level": "MEDIUM",
        "traversal_penalty": 3.91
      },
      "geometry": {
        "type": "Polygon",
        "coordinates": [
          [
            [
              76.44,
              -68.24
            ],
            [
              76.52,
              -68.24
            ],
            [
              76.52,
              -68.16
            ],
            [
              76.44,
              -68.16
            ],
            [
              76.44,
              -68.24
            ]
          ]
        ]
      }
    },
    {
      "type": "Feature",
      "properties": {
        "cell_id": "GRID_18_23",
        "row": 23,
        "col": 18,
        "sea_ice_concentration": 35.2,
        "risk_level": "MEDIUM",
        "traversal_penalty": 4.52
      },
      "geometry": {
        "type": "Polygon",
        "coordinates": [
          [
            [
              76.44,
              -68.16
            ],
            [
              76.52,
              -68.16
            ],
            [
              76.52,
              -68.08
            ],
            [
              76.44,
              -68.08
            ],
            [
              76.44,
              -68.16
            ]
          ]
        ]
      }
    },
    {
      "type": "Feature",
      "properties": {
        "cell_id": "GRID_18_24",
        "row": 24,
        "col": 18,
        "sea_ice_concentration": 33.2,
        "risk_level": "MEDIUM",
        "traversal_penalty": 4.32
      },
      "geometry": {
        "type": "Polygon",
        "coordinates": [
          [
            [
              76.44,
              -68.08
            ],
            [
              76.52,
              -68.08
            ],
            [
              76.52,
              -68.0
            ],
            [
              76.44,
              -68.0
            ],
            [
              76.44,
              -68.08
            ]
          ]
        ]
      }
    },
    {
      "type": "Feature",
      "properties": {
        "cell_id": "GRID_19_00",
        "row": 0,
        "col": 19,
        "sea_ice_concentration": 100,
        "risk_level": "EXTREME",
        "traversal_penalty": 11.0
      },
      "geometry": {
        "type": "Polygon",
        "coordinates": [
          [
            [
              76.52,
              -70.0
            ],
            [
              76.6,
              -70.0
            ],
            [
              76.6,
              -69.92
            ],
            [
              76.52,
              -69.92
            ],
            [
              76.52,
              -70.0
            ]
          ]
        ]
      }
    },
    {
      "type": "Feature",
      "properties": {
        "cell_id": "GRID_19_01",
        "row": 1,
        "col": 19,
        "sea_ice_concentration": 100,
        "risk_level": "EXTREME",
        "traversal_penalty": 11.0
      },
      "geometry": {
        "type": "Polygon",
        "coordinates": [
          [
            [
              76.52,
              -69.92
            ],
            [
              76.6,
              -69.92
            ],
            [
              76.6,
              -69.84
            ],
            [
              76.52,
              -69.84
            ],
            [
              76.52,
              -69.92
            ]
          ]
        ]
      }
    },
    {
      "type": "Feature",
      "properties": {
        "cell_id": "GRID_19_02",
        "row": 2,
        "col": 19,
        "sea_ice_concentration": 100,
        "risk_level": "EXTREME",
        "traversal_penalty": 11.0
      },
      "geometry": {
        "type": "Polygon",
        "coordinates": [
          [
            [
              76.52,
              -69.84
            ],
            [
              76.6,
              -69.84
            ],
            [
              76.6,
              -69.76
            ],
            [
              76.52,
              -69.76
            ],
            [
              76.52,
              -69.84
            ]
          ]
        ]
      }
    },
    {
      "type": "Feature",
      "properties": {
        "cell_id": "GRID_19_03",
        "row": 3,
        "col": 19,
        "sea_ice_concentration": 100,
        "risk_level": "EXTREME",
        "traversal_penalty": 11.0
      },
      "geometry": {
        "type": "Polygon",
        "coordinates": [
          [
            [
              76.52,
              -69.76
            ],
            [
              76.6,
              -69.76
            ],
            [
              76.6,
              -69.68
            ],
            [
              76.52,
              -69.68
            ],
            [
              76.52,
              -69.76
            ]
          ]
        ]
      }
    },
    {
      "type": "Feature",
      "properties": {
        "cell_id": "GRID_19_04",
        "row": 4,
        "col": 19,
        "sea_ice_concentration": 99.7,
        "risk_level": "EXTREME",
        "traversal_penalty": 10.97
      },
      "geometry": {
        "type": "Polygon",
        "coordinates": [
          [
            [
              76.52,
              -69.68
            ],
            [
              76.6,
              -69.68
            ],
            [
              76.6,
              -69.6
            ],
            [
              76.52,
              -69.6
            ],
            [
              76.52,
              -69.68
            ]
          ]
        ]
      }
    },
    {
      "type": "Feature",
      "properties": {
        "cell_id": "GRID_19_05",
        "row": 5,
        "col": 19,
        "sea_ice_concentration": 91.0,
        "risk_level": "EXTREME",
        "traversal_penalty": 10.1
      },
      "geometry": {
        "type": "Polygon",
        "coordinates": [
          [
            [
              76.52,
              -69.6
            ],
            [
              76.6,
              -69.6
            ],
            [
              76.6,
              -69.52
            ],
            [
              76.52,
              -69.52
            ],
            [
              76.52,
              -69.6
            ]
          ]
        ]
      }
    },
    {
      "type": "Feature",
      "properties": {
        "cell_id": "GRID_19_06",
        "row": 6,
        "col": 19,
        "sea_ice_concentration": 99.5,
        "risk_level": "EXTREME",
        "traversal_penalty": 10.95
      },
      "geometry": {
        "type": "Polygon",
        "coordinates": [
          [
            [
              76.52,
              -69.52
            ],
            [
              76.6,
              -69.52
            ],
            [
              76.6,
              -69.44
            ],
            [
              76.52,
              -69.44
            ],
            [
              76.52,
              -69.52
            ]
          ]
        ]
      }
    },
    {
      "type": "Feature",
      "properties": {
        "cell_id": "GRID_19_07",
        "row": 7,
        "col": 19,
        "sea_ice_concentration": 79.6,
        "risk_level": "HIGH",
        "traversal_penalty": 8.96
      },
      "geometry": {
        "type": "Polygon",
        "coordinates": [
          [
            [
              76.52,
              -69.44
            ],
            [
              76.6,
              -69.44
            ],
            [
              76.6,
              -69.36
            ],
            [
              76.52,
              -69.36
            ],
            [
              76.52,
              -69.44
            ]
          ]
        ]
      }
    },
    {
      "type": "Feature",
      "properties": {
        "cell_id": "GRID_19_08",
        "row": 8,
        "col": 19,
        "sea_ice_concentration": 83.9,
        "risk_level": "EXTREME",
        "traversal_penalty": 9.39
      },
      "geometry": {
        "type": "Polygon",
        "coordinates": [
          [
            [
              76.52,
              -69.36
            ],
            [
              76.6,
              -69.36
            ],
            [
              76.6,
              -69.28
            ],
            [
              76.52,
              -69.28
            ],
            [
              76.52,
              -69.36
            ]
          ]
        ]
      }
    },
    {
      "type": "Feature",
      "properties": {
        "cell_id": "GRID_19_09",
        "row": 9,
        "col": 19,
        "sea_ice_concentration": 75.4,
        "risk_level": "HIGH",
        "traversal_penalty": 8.54
      },
      "geometry": {
        "type": "Polygon",
        "coordinates": [
          [
            [
              76.52,
              -69.28
            ],
            [
              76.6,
              -69.28
            ],
            [
              76.6,
              -69.2
            ],
            [
              76.52,
              -69.2
            ],
            [
              76.52,
              -69.28
            ]
          ]
        ]
      }
    },
    {
      "type": "Feature",
      "properties": {
        "cell_id": "GRID_19_10",
        "row": 10,
        "col": 19,
        "sea_ice_concentration": 85.1,
        "risk_level": "EXTREME",
        "traversal_penalty": 9.51
      },
      "geometry": {
        "type": "Polygon",
        "coordinates": [
          [
            [
              76.52,
              -69.2
            ],
            [
              76.6,
              -69.2
            ],
            [
              76.6,
              -69.12
            ],
            [
              76.52,
              -69.12
            ],
            [
              76.52,
              -69.2
            ]
          ]
        ]
      }
    },
    {
      "type": "Feature",
      "properties": {
        "cell_id": "GRID_19_11",
        "row": 11,
        "col": 19,
        "sea_ice_concentration": 73.5,
        "risk_level": "HIGH",
        "traversal_penalty": 8.35
      },
      "geometry": {
        "type": "Polygon",
        "coordinates": [
          [
            [
              76.52,
              -69.12
            ],
            [
              76.6,
              -69.12
            ],
            [
              76.6,
              -69.04
            ],
            [
              76.52,
              -69.04
            ],
            [
              76.52,
              -69.12
            ]
          ]
        ]
      }
    },
    {
      "type": "Feature",
      "properties": {
        "cell_id": "GRID_19_12",
        "row": 12,
        "col": 19,
        "sea_ice_concentration": 68.8,
        "risk_level": "HIGH",
        "traversal_penalty": 7.88
      },
      "geometry": {
        "type": "Polygon",
        "coordinates": [
          [
            [
              76.52,
              -69.04
            ],
            [
              76.6,
              -69.04
            ],
            [
              76.6,
              -68.96
            ],
            [
              76.52,
              -68.96
            ],
            [
              76.52,
              -69.04
            ]
          ]
        ]
      }
    },
    {
      "type": "Feature",
      "properties": {
        "cell_id": "GRID_19_13",
        "row": 13,
        "col": 19,
        "sea_ice_concentration": 73.9,
        "risk_level": "HIGH",
        "traversal_penalty": 8.39
      },
      "geometry": {
        "type": "Polygon",
        "coordinates": [
          [
            [
              76.52,
              -68.96
            ],
            [
              76.6,
              -68.96
            ],
            [
              76.6,
              -68.88
            ],
            [
              76.52,
              -68.88
            ],
            [
              76.52,
              -68.96
            ]
          ]
        ]
      }
    },
    {
      "type": "Feature",
      "properties": {
        "cell_id": "GRID_19_14",
        "row": 14,
        "col": 19,
        "sea_ice_concentration": 53.9,
        "risk_level": "MEDIUM",
        "traversal_penalty": 6.39
      },
      "geometry": {
        "type": "Polygon",
        "coordinates": [
          [
            [
              76.52,
              -68.88
            ],
            [
              76.6,
              -68.88
            ],
            [
              76.6,
              -68.8
            ],
            [
              76.52,
              -68.8
            ],
            [
              76.52,
              -68.88
            ]
          ]
        ]
      }
    },
    {
      "type": "Feature",
      "properties": {
        "cell_id": "GRID_19_15",
        "row": 15,
        "col": 19,
        "sea_ice_concentration": 60.8,
        "risk_level": "HIGH",
        "traversal_penalty": 7.08
      },
      "geometry": {
        "type": "Polygon",
        "coordinates": [
          [
            [
              76.52,
              -68.8
            ],
            [
              76.6,
              -68.8
            ],
            [
              76.6,
              -68.72
            ],
            [
              76.52,
              -68.72
            ],
            [
              76.52,
              -68.8
            ]
          ]
        ]
      }
    },
    {
      "type": "Feature",
      "properties": {
        "cell_id": "GRID_19_16",
        "row": 16,
        "col": 19,
        "sea_ice_concentration": 61.6,
        "risk_level": "HIGH",
        "traversal_penalty": 7.16
      },
      "geometry": {
        "type": "Polygon",
        "coordinates": [
          [
            [
              76.52,
              -68.72
            ],
            [
              76.6,
              -68.72
            ],
            [
              76.6,
              -68.64
            ],
            [
              76.52,
              -68.64
            ],
            [
              76.52,
              -68.72
            ]
          ]
        ]
      }
    },
    {
      "type": "Feature",
      "properties": {
        "cell_id": "GRID_19_17",
        "row": 17,
        "col": 19,
        "sea_ice_concentration": 47.7,
        "risk_level": "MEDIUM",
        "traversal_penalty": 5.77
      },
      "geometry": {
        "type": "Polygon",
        "coordinates": [
          [
            [
              76.52,
              -68.64
            ],
            [
              76.6,
              -68.64
            ],
            [
              76.6,
              -68.56
            ],
            [
              76.52,
              -68.56
            ],
            [
              76.52,
              -68.64
            ]
          ]
        ]
      }
    },
    {
      "type": "Feature",
      "properties": {
        "cell_id": "GRID_19_18",
        "row": 18,
        "col": 19,
        "sea_ice_concentration": 48.0,
        "risk_level": "MEDIUM",
        "traversal_penalty": 5.8
      },
      "geometry": {
        "type": "Polygon",
        "coordinates": [
          [
            [
              76.52,
              -68.56
            ],
            [
              76.6,
              -68.56
            ],
            [
              76.6,
              -68.48
            ],
            [
              76.52,
              -68.48
            ],
            [
              76.52,
              -68.56
            ]
          ]
        ]
      }
    },
    {
      "type": "Feature",
      "properties": {
        "cell_id": "GRID_19_19",
        "row": 19,
        "col": 19,
        "sea_ice_concentration": 40.8,
        "risk_level": "MEDIUM",
        "traversal_penalty": 5.08
      },
      "geometry": {
        "type": "Polygon",
        "coordinates": [
          [
            [
              76.52,
              -68.48
            ],
            [
              76.6,
              -68.48
            ],
            [
              76.6,
              -68.4
            ],
            [
              76.52,
              -68.4
            ],
            [
              76.52,
              -68.48
            ]
          ]
        ]
      }
    },
    {
      "type": "Feature",
      "properties": {
        "cell_id": "GRID_19_20",
        "row": 20,
        "col": 19,
        "sea_ice_concentration": 53.1,
        "risk_level": "MEDIUM",
        "traversal_penalty": 6.31
      },
      "geometry": {
        "type": "Polygon",
        "coordinates": [
          [
            [
              76.52,
              -68.4
            ],
            [
              76.6,
              -68.4
            ],
            [
              76.6,
              -68.32
            ],
            [
              76.52,
              -68.32
            ],
            [
              76.52,
              -68.4
            ]
          ]
        ]
      }
    },
    {
      "type": "Feature",
      "properties": {
        "cell_id": "GRID_19_21",
        "row": 21,
        "col": 19,
        "sea_ice_concentration": 43.6,
        "risk_level": "MEDIUM",
        "traversal_penalty": 5.36
      },
      "geometry": {
        "type": "Polygon",
        "coordinates": [
          [
            [
              76.52,
              -68.32
            ],
            [
              76.6,
              -68.32
            ],
            [
              76.6,
              -68.24
            ],
            [
              76.52,
              -68.24
            ],
            [
              76.52,
              -68.32
            ]
          ]
        ]
      }
    },
    {
      "type": "Feature",
      "properties": {
        "cell_id": "GRID_19_22",
        "row": 22,
        "col": 19,
        "sea_ice_concentration": 32.9,
        "risk_level": "MEDIUM",
        "traversal_penalty": 4.29
      },
      "geometry": {
        "type": "Polygon",
        "coordinates": [
          [
            [
              76.52,
              -68.24
            ],
            [
              76.6,
              -68.24
            ],
            [
              76.6,
              -68.16
            ],
            [
              76.52,
              -68.16
            ],
            [
              76.52,
              -68.24
            ]
          ]
        ]
      }
    },
    {
      "type": "Feature",
      "properties": {
        "cell_id": "GRID_19_23",
        "row": 23,
        "col": 19,
        "sea_ice_concentration": 22.1,
        "risk_level": "LOW",
        "traversal_penalty": 3.21
      },
      "geometry": {
        "type": "Polygon",
        "coordinates": [
          [
            [
              76.52,
              -68.16
            ],
            [
              76.6,
              -68.16
            ],
            [
              76.6,
              -68.08
            ],
            [
              76.52,
              -68.08
            ],
            [
              76.52,
              -68.16
            ]
          ]
        ]
      }
    },
    {
      "type": "Feature",
      "properties": {
        "cell_id": "GRID_19_24",
        "row": 24,
        "col": 19,
        "sea_ice_concentration": 22.9,
        "risk_level": "LOW",
        "traversal_penalty": 3.29
      },
      "geometry": {
        "type": "Polygon",
        "coordinates": [
          [
            [
              76.52,
              -68.08
            ],
            [
              76.6,
              -68.08
            ],
            [
              76.6,
              -68.0
            ],
            [
              76.52,
              -68.0
            ],
            [
              76.52,
              -68.08
            ]
          ]
        ]
      }
    },
    {
      "type": "Feature",
      "properties": {
        "cell_id": "GRID_20_00",
        "row": 0,
        "col": 20,
        "sea_ice_concentration": 100,
        "risk_level": "EXTREME",
        "traversal_penalty": 11.0
      },
      "geometry": {
        "type": "Polygon",
        "coordinates": [
          [
            [
              76.6,
              -70.0
            ],
            [
              76.68,
              -70.0
            ],
            [
              76.68,
              -69.92
            ],
            [
              76.6,
              -69.92
            ],
            [
              76.6,
              -70.0
            ]
          ]
        ]
      }
    },
    {
      "type": "Feature",
      "properties": {
        "cell_id": "GRID_20_01",
        "row": 1,
        "col": 20,
        "sea_ice_concentration": 89.9,
        "risk_level": "EXTREME",
        "traversal_penalty": 9.99
      },
      "geometry": {
        "type": "Polygon",
        "coordinates": [
          [
            [
              76.6,
              -69.92
            ],
            [
              76.68,
              -69.92
            ],
            [
              76.68,
              -69.84
            ],
            [
              76.6,
              -69.84
            ],
            [
              76.6,
              -69.92
            ]
          ]
        ]
      }
    },
    {
      "type": "Feature",
      "properties": {
        "cell_id": "GRID_20_02",
        "row": 2,
        "col": 20,
        "sea_ice_concentration": 100,
        "risk_level": "EXTREME",
        "traversal_penalty": 11.0
      },
      "geometry": {
        "type": "Polygon",
        "coordinates": [
          [
            [
              76.6,
              -69.84
            ],
            [
              76.68,
              -69.84
            ],
            [
              76.68,
              -69.76
            ],
            [
              76.6,
              -69.76
            ],
            [
              76.6,
              -69.84
            ]
          ]
        ]
      }
    },
    {
      "type": "Feature",
      "properties": {
        "cell_id": "GRID_20_03",
        "row": 3,
        "col": 20,
        "sea_ice_concentration": 100,
        "risk_level": "EXTREME",
        "traversal_penalty": 11.0
      },
      "geometry": {
        "type": "Polygon",
        "coordinates": [
          [
            [
              76.6,
              -69.76
            ],
            [
              76.68,
              -69.76
            ],
            [
              76.68,
              -69.68
            ],
            [
              76.6,
              -69.68
            ],
            [
              76.6,
              -69.76
            ]
          ]
        ]
      }
    },
    {
      "type": "Feature",
      "properties": {
        "cell_id": "GRID_20_04",
        "row": 4,
        "col": 20,
        "sea_ice_concentration": 100,
        "risk_level": "EXTREME",
        "traversal_penalty": 11.0
      },
      "geometry": {
        "type": "Polygon",
        "coordinates": [
          [
            [
              76.6,
              -69.68
            ],
            [
              76.68,
              -69.68
            ],
            [
              76.68,
              -69.6
            ],
            [
              76.6,
              -69.6
            ],
            [
              76.6,
              -69.68
            ]
          ]
        ]
      }
    },
    {
      "type": "Feature",
      "properties": {
        "cell_id": "GRID_20_05",
        "row": 5,
        "col": 20,
        "sea_ice_concentration": 100,
        "risk_level": "EXTREME",
        "traversal_penalty": 11.0
      },
      "geometry": {
        "type": "Polygon",
        "coordinates": [
          [
            [
              76.6,
              -69.6
            ],
            [
              76.68,
              -69.6
            ],
            [
              76.68,
              -69.52
            ],
            [
              76.6,
              -69.52
            ],
            [
              76.6,
              -69.6
            ]
          ]
        ]
      }
    },
    {
      "type": "Feature",
      "properties": {
        "cell_id": "GRID_20_06",
        "row": 6,
        "col": 20,
        "sea_ice_concentration": 89.9,
        "risk_level": "EXTREME",
        "traversal_penalty": 9.99
      },
      "geometry": {
        "type": "Polygon",
        "coordinates": [
          [
            [
              76.6,
              -69.52
            ],
            [
              76.68,
              -69.52
            ],
            [
              76.68,
              -69.44
            ],
            [
              76.6,
              -69.44
            ],
            [
              76.6,
              -69.52
            ]
          ]
        ]
      }
    },
    {
      "type": "Feature",
      "properties": {
        "cell_id": "GRID_20_07",
        "row": 7,
        "col": 20,
        "sea_ice_concentration": 79.1,
        "risk_level": "HIGH",
        "traversal_penalty": 8.91
      },
      "geometry": {
        "type": "Polygon",
        "coordinates": [
          [
            [
              76.6,
              -69.44
            ],
            [
              76.68,
              -69.44
            ],
            [
              76.68,
              -69.36
            ],
            [
              76.6,
              -69.36
            ],
            [
              76.6,
              -69.44
            ]
          ]
        ]
      }
    },
    {
      "type": "Feature",
      "properties": {
        "cell_id": "GRID_20_08",
        "row": 8,
        "col": 20,
        "sea_ice_concentration": 81.9,
        "risk_level": "EXTREME",
        "traversal_penalty": 9.19
      },
      "geometry": {
        "type": "Polygon",
        "coordinates": [
          [
            [
              76.6,
              -69.36
            ],
            [
              76.68,
              -69.36
            ],
            [
              76.68,
              -69.28
            ],
            [
              76.6,
              -69.28
            ],
            [
              76.6,
              -69.36
            ]
          ]
        ]
      }
    },
    {
      "type": "Feature",
      "properties": {
        "cell_id": "GRID_20_09",
        "row": 9,
        "col": 20,
        "sea_ice_concentration": 92.4,
        "risk_level": "EXTREME",
        "traversal_penalty": 10.24
      },
      "geometry": {
        "type": "Polygon",
        "coordinates": [
          [
            [
              76.6,
              -69.28
            ],
            [
              76.68,
              -69.28
            ],
            [
              76.68,
              -69.2
            ],
            [
              76.6,
              -69.2
            ],
            [
              76.6,
              -69.28
            ]
          ]
        ]
      }
    },
    {
      "type": "Feature",
      "properties": {
        "cell_id": "GRID_20_10",
        "row": 10,
        "col": 20,
        "sea_ice_concentration": 73.7,
        "risk_level": "HIGH",
        "traversal_penalty": 8.37
      },
      "geometry": {
        "type": "Polygon",
        "coordinates": [
          [
            [
              76.6,
              -69.2
            ],
            [
              76.68,
              -69.2
            ],
            [
              76.68,
              -69.12
            ],
            [
              76.6,
              -69.12
            ],
            [
              76.6,
              -69.2
            ]
          ]
        ]
      }
    },
    {
      "type": "Feature",
      "properties": {
        "cell_id": "GRID_20_11",
        "row": 11,
        "col": 20,
        "sea_ice_concentration": 75.9,
        "risk_level": "HIGH",
        "traversal_penalty": 8.59
      },
      "geometry": {
        "type": "Polygon",
        "coordinates": [
          [
            [
              76.6,
              -69.12
            ],
            [
              76.68,
              -69.12
            ],
            [
              76.68,
              -69.04
            ],
            [
              76.6,
              -69.04
            ],
            [
              76.6,
              -69.12
            ]
          ]
        ]
      }
    },
    {
      "type": "Feature",
      "properties": {
        "cell_id": "GRID_20_12",
        "row": 12,
        "col": 20,
        "sea_ice_concentration": 61.9,
        "risk_level": "HIGH",
        "traversal_penalty": 7.19
      },
      "geometry": {
        "type": "Polygon",
        "coordinates": [
          [
            [
              76.6,
              -69.04
            ],
            [
              76.68,
              -69.04
            ],
            [
              76.68,
              -68.96
            ],
            [
              76.6,
              -68.96
            ],
            [
              76.6,
              -69.04
            ]
          ]
        ]
      }
    },
    {
      "type": "Feature",
      "properties": {
        "cell_id": "GRID_20_13",
        "row": 13,
        "col": 20,
        "sea_ice_concentration": 70.6,
        "risk_level": "HIGH",
        "traversal_penalty": 8.06
      },
      "geometry": {
        "type": "Polygon",
        "coordinates": [
          [
            [
              76.6,
              -68.96
            ],
            [
              76.68,
              -68.96
            ],
            [
              76.68,
              -68.88
            ],
            [
              76.6,
              -68.88
            ],
            [
              76.6,
              -68.96
            ]
          ]
        ]
      }
    },
    {
      "type": "Feature",
      "properties": {
        "cell_id": "GRID_20_14",
        "row": 14,
        "col": 20,
        "sea_ice_concentration": 59.1,
        "risk_level": "HIGH",
        "traversal_penalty": 6.91
      },
      "geometry": {
        "type": "Polygon",
        "coordinates": [
          [
            [
              76.6,
              -68.88
            ],
            [
              76.68,
              -68.88
            ],
            [
              76.68,
              -68.8
            ],
            [
              76.6,
              -68.8
            ],
            [
              76.6,
              -68.88
            ]
          ]
        ]
      }
    },
    {
      "type": "Feature",
      "properties": {
        "cell_id": "GRID_20_15",
        "row": 15,
        "col": 20,
        "sea_ice_concentration": 56.6,
        "risk_level": "HIGH",
        "traversal_penalty": 6.66
      },
      "geometry": {
        "type": "Polygon",
        "coordinates": [
          [
            [
              76.6,
              -68.8
            ],
            [
              76.68,
              -68.8
            ],
            [
              76.68,
              -68.72
            ],
            [
              76.6,
              -68.72
            ],
            [
              76.6,
              -68.8
            ]
          ]
        ]
      }
    },
    {
      "type": "Feature",
      "properties": {
        "cell_id": "GRID_20_16",
        "row": 16,
        "col": 20,
        "sea_ice_concentration": 57.9,
        "risk_level": "HIGH",
        "traversal_penalty": 6.79
      },
      "geometry": {
        "type": "Polygon",
        "coordinates": [
          [
            [
              76.6,
              -68.72
            ],
            [
              76.68,
              -68.72
            ],
            [
              76.68,
              -68.64
            ],
            [
              76.6,
              -68.64
            ],
            [
              76.6,
              -68.72
            ]
          ]
        ]
      }
    },
    {
      "type": "Feature",
      "properties": {
        "cell_id": "GRID_20_17",
        "row": 17,
        "col": 20,
        "sea_ice_concentration": 64.9,
        "risk_level": "HIGH",
        "traversal_penalty": 7.49
      },
      "geometry": {
        "type": "Polygon",
        "coordinates": [
          [
            [
              76.6,
              -68.64
            ],
            [
              76.68,
              -68.64
            ],
            [
              76.68,
              -68.56
            ],
            [
              76.6,
              -68.56
            ],
            [
              76.6,
              -68.64
            ]
          ]
        ]
      }
    },
    {
      "type": "Feature",
      "properties": {
        "cell_id": "GRID_20_18",
        "row": 18,
        "col": 20,
        "sea_ice_concentration": 54.0,
        "risk_level": "MEDIUM",
        "traversal_penalty": 6.4
      },
      "geometry": {
        "type": "Polygon",
        "coordinates": [
          [
            [
              76.6,
              -68.56
            ],
            [
              76.68,
              -68.56
            ],
            [
              76.68,
              -68.48
            ],
            [
              76.6,
              -68.48
            ],
            [
              76.6,
              -68.56
            ]
          ]
        ]
      }
    },
    {
      "type": "Feature",
      "properties": {
        "cell_id": "GRID_20_19",
        "row": 19,
        "col": 20,
        "sea_ice_concentration": 44.0,
        "risk_level": "MEDIUM",
        "traversal_penalty": 5.4
      },
      "geometry": {
        "type": "Polygon",
        "coordinates": [
          [
            [
              76.6,
              -68.48
            ],
            [
              76.68,
              -68.48
            ],
            [
              76.68,
              -68.4
            ],
            [
              76.6,
              -68.4
            ],
            [
              76.6,
              -68.48
            ]
          ]
        ]
      }
    },
    {
      "type": "Feature",
      "properties": {
        "cell_id": "GRID_20_20",
        "row": 20,
        "col": 20,
        "sea_ice_concentration": 35.0,
        "risk_level": "MEDIUM",
        "traversal_penalty": 4.5
      },
      "geometry": {
        "type": "Polygon",
        "coordinates": [
          [
            [
              76.6,
              -68.4
            ],
            [
              76.68,
              -68.4
            ],
            [
              76.68,
              -68.32
            ],
            [
              76.6,
              -68.32
            ],
            [
              76.6,
              -68.4
            ]
          ]
        ]
      }
    },
    {
      "type": "Feature",
      "properties": {
        "cell_id": "GRID_20_21",
        "row": 21,
        "col": 20,
        "sea_ice_concentration": 41.5,
        "risk_level": "MEDIUM",
        "traversal_penalty": 5.15
      },
      "geometry": {
        "type": "Polygon",
        "coordinates": [
          [
            [
              76.6,
              -68.32
            ],
            [
              76.68,
              -68.32
            ],
            [
              76.68,
              -68.24
            ],
            [
              76.6,
              -68.24
            ],
            [
              76.6,
              -68.32
            ]
          ]
        ]
      }
    },
    {
      "type": "Feature",
      "properties": {
        "cell_id": "GRID_20_22",
        "row": 22,
        "col": 20,
        "sea_ice_concentration": 40.6,
        "risk_level": "MEDIUM",
        "traversal_penalty": 5.06
      },
      "geometry": {
        "type": "Polygon",
        "coordinates": [
          [
            [
              76.6,
              -68.24
            ],
            [
              76.68,
              -68.24
            ],
            [
              76.68,
              -68.16
            ],
            [
              76.6,
              -68.16
            ],
            [
              76.6,
              -68.24
            ]
          ]
        ]
      }
    },
    {
      "type": "Feature",
      "properties": {
        "cell_id": "GRID_20_23",
        "row": 23,
        "col": 20,
        "sea_ice_concentration": 43.6,
        "risk_level": "MEDIUM",
        "traversal_penalty": 5.36
      },
      "geometry": {
        "type": "Polygon",
        "coordinates": [
          [
            [
              76.6,
              -68.16
            ],
            [
              76.68,
              -68.16
            ],
            [
              76.68,
              -68.08
            ],
            [
              76.6,
              -68.08
            ],
            [
              76.6,
              -68.16
            ]
          ]
        ]
      }
    },
    {
      "type": "Feature",
      "properties": {
        "cell_id": "GRID_20_24",
        "row": 24,
        "col": 20,
        "sea_ice_concentration": 35.3,
        "risk_level": "MEDIUM",
        "traversal_penalty": 4.53
      },
      "geometry": {
        "type": "Polygon",
        "coordinates": [
          [
            [
              76.6,
              -68.08
            ],
            [
              76.68,
              -68.08
            ],
            [
              76.68,
              -68.0
            ],
            [
              76.6,
              -68.0
            ],
            [
              76.6,
              -68.08
            ]
          ]
        ]
      }
    },
    {
      "type": "Feature",
      "properties": {
        "cell_id": "GRID_21_00",
        "row": 0,
        "col": 21,
        "sea_ice_concentration": 100,
        "risk_level": "EXTREME",
        "traversal_penalty": 11.0
      },
      "geometry": {
        "type": "Polygon",
        "coordinates": [
          [
            [
              76.68,
              -70.0
            ],
            [
              76.76,
              -70.0
            ],
            [
              76.76,
              -69.92
            ],
            [
              76.68,
              -69.92
            ],
            [
              76.68,
              -70.0
            ]
          ]
        ]
      }
    },
    {
      "type": "Feature",
      "properties": {
        "cell_id": "GRID_21_01",
        "row": 1,
        "col": 21,
        "sea_ice_concentration": 97.4,
        "risk_level": "EXTREME",
        "traversal_penalty": 10.74
      },
      "geometry": {
        "type": "Polygon",
        "coordinates": [
          [
            [
              76.68,
              -69.92
            ],
            [
              76.76,
              -69.92
            ],
            [
              76.76,
              -69.84
            ],
            [
              76.68,
              -69.84
            ],
            [
              76.68,
              -69.92
            ]
          ]
        ]
      }
    },
    {
      "type": "Feature",
      "properties": {
        "cell_id": "GRID_21_02",
        "row": 2,
        "col": 21,
        "sea_ice_concentration": 94.3,
        "risk_level": "EXTREME",
        "traversal_penalty": 10.43
      },
      "geometry": {
        "type": "Polygon",
        "coordinates": [
          [
            [
              76.68,
              -69.84
            ],
            [
              76.76,
              -69.84
            ],
            [
              76.76,
              -69.76
            ],
            [
              76.68,
              -69.76
            ],
            [
              76.68,
              -69.84
            ]
          ]
        ]
      }
    },
    {
      "type": "Feature",
      "properties": {
        "cell_id": "GRID_21_03",
        "row": 3,
        "col": 21,
        "sea_ice_concentration": 96.5,
        "risk_level": "EXTREME",
        "traversal_penalty": 10.65
      },
      "geometry": {
        "type": "Polygon",
        "coordinates": [
          [
            [
              76.68,
              -69.76
            ],
            [
              76.76,
              -69.76
            ],
            [
              76.76,
              -69.68
            ],
            [
              76.68,
              -69.68
            ],
            [
              76.68,
              -69.76
            ]
          ]
        ]
      }
    },
    {
      "type": "Feature",
      "properties": {
        "cell_id": "GRID_21_04",
        "row": 4,
        "col": 21,
        "sea_ice_concentration": 100,
        "risk_level": "EXTREME",
        "traversal_penalty": 11.0
      },
      "geometry": {
        "type": "Polygon",
        "coordinates": [
          [
            [
              76.68,
              -69.68
            ],
            [
              76.76,
              -69.68
            ],
            [
              76.76,
              -69.6
            ],
            [
              76.68,
              -69.6
            ],
            [
              76.68,
              -69.68
            ]
          ]
        ]
      }
    },
    {
      "type": "Feature",
      "properties": {
        "cell_id": "GRID_21_05",
        "row": 5,
        "col": 21,
        "sea_ice_concentration": 96.4,
        "risk_level": "EXTREME",
        "traversal_penalty": 10.64
      },
      "geometry": {
        "type": "Polygon",
        "coordinates": [
          [
            [
              76.68,
              -69.6
            ],
            [
              76.76,
              -69.6
            ],
            [
              76.76,
              -69.52
            ],
            [
              76.68,
              -69.52
            ],
            [
              76.68,
              -69.6
            ]
          ]
        ]
      }
    },
    {
      "type": "Feature",
      "properties": {
        "cell_id": "GRID_21_06",
        "row": 6,
        "col": 21,
        "sea_ice_concentration": 86.7,
        "risk_level": "EXTREME",
        "traversal_penalty": 9.67
      },
      "geometry": {
        "type": "Polygon",
        "coordinates": [
          [
            [
              76.68,
              -69.52
            ],
            [
              76.76,
              -69.52
            ],
            [
              76.76,
              -69.44
            ],
            [
              76.68,
              -69.44
            ],
            [
              76.68,
              -69.52
            ]
          ]
        ]
      }
    },
    {
      "type": "Feature",
      "properties": {
        "cell_id": "GRID_21_07",
        "row": 7,
        "col": 21,
        "sea_ice_concentration": 95.9,
        "risk_level": "EXTREME",
        "traversal_penalty": 10.59
      },
      "geometry": {
        "type": "Polygon",
        "coordinates": [
          [
            [
              76.68,
              -69.44
            ],
            [
              76.76,
              -69.44
            ],
            [
              76.76,
              -69.36
            ],
            [
              76.68,
              -69.36
            ],
            [
              76.68,
              -69.44
            ]
          ]
        ]
      }
    },
    {
      "type": "Feature",
      "properties": {
        "cell_id": "GRID_21_08",
        "row": 8,
        "col": 21,
        "sea_ice_concentration": 80.5,
        "risk_level": "EXTREME",
        "traversal_penalty": 9.05
      },
      "geometry": {
        "type": "Polygon",
        "coordinates": [
          [
            [
              76.68,
              -69.36
            ],
            [
              76.76,
              -69.36
            ],
            [
              76.76,
              -69.28
            ],
            [
              76.68,
              -69.28
            ],
            [
              76.68,
              -69.36
            ]
          ]
        ]
      }
    },
    {
      "type": "Feature",
      "properties": {
        "cell_id": "GRID_21_09",
        "row": 9,
        "col": 21,
        "sea_ice_concentration": 82.5,
        "risk_level": "EXTREME",
        "traversal_penalty": 9.25
      },
      "geometry": {
        "type": "Polygon",
        "coordinates": [
          [
            [
              76.68,
              -69.28
            ],
            [
              76.76,
              -69.28
            ],
            [
              76.76,
              -69.2
            ],
            [
              76.68,
              -69.2
            ],
            [
              76.68,
              -69.28
            ]
          ]
        ]
      }
    },
    {
      "type": "Feature",
      "properties": {
        "cell_id": "GRID_21_10",
        "row": 10,
        "col": 21,
        "sea_ice_concentration": 81.9,
        "risk_level": "EXTREME",
        "traversal_penalty": 9.19
      },
      "geometry": {
        "type": "Polygon",
        "coordinates": [
          [
            [
              76.68,
              -69.2
            ],
            [
              76.76,
              -69.2
            ],
            [
              76.76,
              -69.12
            ],
            [
              76.68,
              -69.12
            ],
            [
              76.68,
              -69.2
            ]
          ]
        ]
      }
    },
    {
      "type": "Feature",
      "properties": {
        "cell_id": "GRID_21_11",
        "row": 11,
        "col": 21,
        "sea_ice_concentration": 69.0,
        "risk_level": "HIGH",
        "traversal_penalty": 7.9
      },
      "geometry": {
        "type": "Polygon",
        "coordinates": [
          [
            [
              76.68,
              -69.12
            ],
            [
              76.76,
              -69.12
            ],
            [
              76.76,
              -69.04
            ],
            [
              76.68,
              -69.04
            ],
            [
              76.68,
              -69.12
            ]
          ]
        ]
      }
    },
    {
      "type": "Feature",
      "properties": {
        "cell_id": "GRID_21_12",
        "row": 12,
        "col": 21,
        "sea_ice_concentration": 67.9,
        "risk_level": "HIGH",
        "traversal_penalty": 7.79
      },
      "geometry": {
        "type": "Polygon",
        "coordinates": [
          [
            [
              76.68,
              -69.04
            ],
            [
              76.76,
              -69.04
            ],
            [
              76.76,
              -68.96
            ],
            [
              76.68,
              -68.96
            ],
            [
              76.68,
              -69.04
            ]
          ]
        ]
      }
    },
    {
      "type": "Feature",
      "properties": {
        "cell_id": "GRID_21_13",
        "row": 13,
        "col": 21,
        "sea_ice_concentration": 70.7,
        "risk_level": "HIGH",
        "traversal_penalty": 8.07
      },
      "geometry": {
        "type": "Polygon",
        "coordinates": [
          [
            [
              76.68,
              -68.96
            ],
            [
              76.76,
              -68.96
            ],
            [
              76.76,
              -68.88
            ],
            [
              76.68,
              -68.88
            ],
            [
              76.68,
              -68.96
            ]
          ]
        ]
      }
    },
    {
      "type": "Feature",
      "properties": {
        "cell_id": "GRID_21_14",
        "row": 14,
        "col": 21,
        "sea_ice_concentration": 67.5,
        "risk_level": "HIGH",
        "traversal_penalty": 7.75
      },
      "geometry": {
        "type": "Polygon",
        "coordinates": [
          [
            [
              76.68,
              -68.88
            ],
            [
              76.76,
              -68.88
            ],
            [
              76.76,
              -68.8
            ],
            [
              76.68,
              -68.8
            ],
            [
              76.68,
              -68.88
            ]
          ]
        ]
      }
    },
    {
      "type": "Feature",
      "properties": {
        "cell_id": "GRID_21_15",
        "row": 15,
        "col": 21,
        "sea_ice_concentration": 59.9,
        "risk_level": "HIGH",
        "traversal_penalty": 6.99
      },
      "geometry": {
        "type": "Polygon",
        "coordinates": [
          [
            [
              76.68,
              -68.8
            ],
            [
              76.76,
              -68.8
            ],
            [
              76.76,
              -68.72
            ],
            [
              76.68,
              -68.72
            ],
            [
              76.68,
              -68.8
            ]
          ]
        ]
      }
    },
    {
      "type": "Feature",
      "properties": {
        "cell_id": "GRID_21_16",
        "row": 16,
        "col": 21,
        "sea_ice_concentration": 51.4,
        "risk_level": "MEDIUM",
        "traversal_penalty": 6.14
      },
      "geometry": {
        "type": "Polygon",
        "coordinates": [
          [
            [
              76.68,
              -68.72
            ],
            [
              76.76,
              -68.72
            ],
            [
              76.76,
              -68.64
            ],
            [
              76.68,
              -68.64
            ],
            [
              76.68,
              -68.72
            ]
          ]
        ]
      }
    },
    {
      "type": "Feature",
      "properties": {
        "cell_id": "GRID_21_17",
        "row": 17,
        "col": 21,
        "sea_ice_concentration": 65.1,
        "risk_level": "HIGH",
        "traversal_penalty": 7.51
      },
      "geometry": {
        "type": "Polygon",
        "coordinates": [
          [
            [
              76.68,
              -68.64
            ],
            [
              76.76,
              -68.64
            ],
            [
              76.76,
              -68.56
            ],
            [
              76.68,
              -68.56
            ],
            [
              76.68,
              -68.64
            ]
          ]
        ]
      }
    },
    {
      "type": "Feature",
      "properties": {
        "cell_id": "GRID_21_18",
        "row": 18,
        "col": 21,
        "sea_ice_concentration": 62.5,
        "risk_level": "HIGH",
        "traversal_penalty": 7.25
      },
      "geometry": {
        "type": "Polygon",
        "coordinates": [
          [
            [
              76.68,
              -68.56
            ],
            [
              76.76,
              -68.56
            ],
            [
              76.76,
              -68.48
            ],
            [
              76.68,
              -68.48
            ],
            [
              76.68,
              -68.56
            ]
          ]
        ]
      }
    },
    {
      "type": "Feature",
      "properties": {
        "cell_id": "GRID_21_19",
        "row": 19,
        "col": 21,
        "sea_ice_concentration": 49.2,
        "risk_level": "MEDIUM",
        "traversal_penalty": 5.92
      },
      "geometry": {
        "type": "Polygon",
        "coordinates": [
          [
            [
              76.68,
              -68.48
            ],
            [
              76.76,
              -68.48
            ],
            [
              76.76,
              -68.4
            ],
            [
              76.68,
              -68.4
            ],
            [
              76.68,
              -68.48
            ]
          ]
        ]
      }
    },
    {
      "type": "Feature",
      "properties": {
        "cell_id": "GRID_21_20",
        "row": 20,
        "col": 21,
        "sea_ice_concentration": 36.4,
        "risk_level": "MEDIUM",
        "traversal_penalty": 4.64
      },
      "geometry": {
        "type": "Polygon",
        "coordinates": [
          [
            [
              76.68,
              -68.4
            ],
            [
              76.76,
              -68.4
            ],
            [
              76.76,
              -68.32
            ],
            [
              76.68,
              -68.32
            ],
            [
              76.68,
              -68.4
            ]
          ]
        ]
      }
    },
    {
      "type": "Feature",
      "properties": {
        "cell_id": "GRID_21_21",
        "row": 21,
        "col": 21,
        "sea_ice_concentration": 36.0,
        "risk_level": "MEDIUM",
        "traversal_penalty": 4.6
      },
      "geometry": {
        "type": "Polygon",
        "coordinates": [
          [
            [
              76.68,
              -68.32
            ],
            [
              76.76,
              -68.32
            ],
            [
              76.76,
              -68.24
            ],
            [
              76.68,
              -68.24
            ],
            [
              76.68,
              -68.32
            ]
          ]
        ]
      }
    },
    {
      "type": "Feature",
      "properties": {
        "cell_id": "GRID_21_22",
        "row": 22,
        "col": 21,
        "sea_ice_concentration": 41.4,
        "risk_level": "MEDIUM",
        "traversal_penalty": 5.14
      },
      "geometry": {
        "type": "Polygon",
        "coordinates": [
          [
            [
              76.68,
              -68.24
            ],
            [
              76.76,
              -68.24
            ],
            [
              76.76,
              -68.16
            ],
            [
              76.68,
              -68.16
            ],
            [
              76.68,
              -68.24
            ]
          ]
        ]
      }
    },
    {
      "type": "Feature",
      "properties": {
        "cell_id": "GRID_21_23",
        "row": 23,
        "col": 21,
        "sea_ice_concentration": 30.1,
        "risk_level": "MEDIUM",
        "traversal_penalty": 4.01
      },
      "geometry": {
        "type": "Polygon",
        "coordinates": [
          [
            [
              76.68,
              -68.16
            ],
            [
              76.76,
              -68.16
            ],
            [
              76.76,
              -68.08
            ],
            [
              76.68,
              -68.08
            ],
            [
              76.68,
              -68.16
            ]
          ]
        ]
      }
    },
    {
      "type": "Feature",
      "properties": {
        "cell_id": "GRID_21_24",
        "row": 24,
        "col": 21,
        "sea_ice_concentration": 28.7,
        "risk_level": "MEDIUM",
        "traversal_penalty": 3.87
      },
      "geometry": {
        "type": "Polygon",
        "coordinates": [
          [
            [
              76.68,
              -68.08
            ],
            [
              76.76,
              -68.08
            ],
            [
              76.76,
              -68.0
            ],
            [
              76.68,
              -68.0
            ],
            [
              76.68,
              -68.08
            ]
          ]
        ]
      }
    },
    {
      "type": "Feature",
      "properties": {
        "cell_id": "GRID_22_00",
        "row": 0,
        "col": 22,
        "sea_ice_concentration": 100,
        "risk_level": "EXTREME",
        "traversal_penalty": 11.0
      },
      "geometry": {
        "type": "Polygon",
        "coordinates": [
          [
            [
              76.76,
              -70.0
            ],
            [
              76.84,
              -70.0
            ],
            [
              76.84,
              -69.92
            ],
            [
              76.76,
              -69.92
            ],
            [
              76.76,
              -70.0
            ]
          ]
        ]
      }
    },
    {
      "type": "Feature",
      "properties": {
        "cell_id": "GRID_22_01",
        "row": 1,
        "col": 22,
        "sea_ice_concentration": 93.0,
        "risk_level": "EXTREME",
        "traversal_penalty": 10.3
      },
      "geometry": {
        "type": "Polygon",
        "coordinates": [
          [
            [
              76.76,
              -69.92
            ],
            [
              76.84,
              -69.92
            ],
            [
              76.84,
              -69.84
            ],
            [
              76.76,
              -69.84
            ],
            [
              76.76,
              -69.92
            ]
          ]
        ]
      }
    },
    {
      "type": "Feature",
      "properties": {
        "cell_id": "GRID_22_02",
        "row": 2,
        "col": 22,
        "sea_ice_concentration": 100,
        "risk_level": "EXTREME",
        "traversal_penalty": 11.0
      },
      "geometry": {
        "type": "Polygon",
        "coordinates": [
          [
            [
              76.76,
              -69.84
            ],
            [
              76.84,
              -69.84
            ],
            [
              76.84,
              -69.76
            ],
            [
              76.76,
              -69.76
            ],
            [
              76.76,
              -69.84
            ]
          ]
        ]
      }
    },
    {
      "type": "Feature",
      "properties": {
        "cell_id": "GRID_22_03",
        "row": 3,
        "col": 22,
        "sea_ice_concentration": 96.1,
        "risk_level": "EXTREME",
        "traversal_penalty": 10.61
      },
      "geometry": {
        "type": "Polygon",
        "coordinates": [
          [
            [
              76.76,
              -69.76
            ],
            [
              76.84,
              -69.76
            ],
            [
              76.84,
              -69.68
            ],
            [
              76.76,
              -69.68
            ],
            [
              76.76,
              -69.76
            ]
          ]
        ]
      }
    },
    {
      "type": "Feature",
      "properties": {
        "cell_id": "GRID_22_04",
        "row": 4,
        "col": 22,
        "sea_ice_concentration": 93.3,
        "risk_level": "EXTREME",
        "traversal_penalty": 10.33
      },
      "geometry": {
        "type": "Polygon",
        "coordinates": [
          [
            [
              76.76,
              -69.68
            ],
            [
              76.84,
              -69.68
            ],
            [
              76.84,
              -69.6
            ],
            [
              76.76,
              -69.6
            ],
            [
              76.76,
              -69.68
            ]
          ]
        ]
      }
    },
    {
      "type": "Feature",
      "properties": {
        "cell_id": "GRID_22_05",
        "row": 5,
        "col": 22,
        "sea_ice_concentration": 100,
        "risk_level": "EXTREME",
        "traversal_penalty": 11.0
      },
      "geometry": {
        "type": "Polygon",
        "coordinates": [
          [
            [
              76.76,
              -69.6
            ],
            [
              76.84,
              -69.6
            ],
            [
              76.84,
              -69.52
            ],
            [
              76.76,
              -69.52
            ],
            [
              76.76,
              -69.6
            ]
          ]
        ]
      }
    },
    {
      "type": "Feature",
      "properties": {
        "cell_id": "GRID_22_06",
        "row": 6,
        "col": 22,
        "sea_ice_concentration": 100,
        "risk_level": "EXTREME",
        "traversal_penalty": 11.0
      },
      "geometry": {
        "type": "Polygon",
        "coordinates": [
          [
            [
              76.76,
              -69.52
            ],
            [
              76.84,
              -69.52
            ],
            [
              76.84,
              -69.44
            ],
            [
              76.76,
              -69.44
            ],
            [
              76.76,
              -69.52
            ]
          ]
        ]
      }
    },
    {
      "type": "Feature",
      "properties": {
        "cell_id": "GRID_22_07",
        "row": 7,
        "col": 22,
        "sea_ice_concentration": 89.2,
        "risk_level": "EXTREME",
        "traversal_penalty": 9.92
      },
      "geometry": {
        "type": "Polygon",
        "coordinates": [
          [
            [
              76.76,
              -69.44
            ],
            [
              76.84,
              -69.44
            ],
            [
              76.84,
              -69.36
            ],
            [
              76.76,
              -69.36
            ],
            [
              76.76,
              -69.44
            ]
          ]
        ]
      }
    },
    {
      "type": "Feature",
      "properties": {
        "cell_id": "GRID_22_08",
        "row": 8,
        "col": 22,
        "sea_ice_concentration": 83.8,
        "risk_level": "EXTREME",
        "traversal_penalty": 9.38
      },
      "geometry": {
        "type": "Polygon",
        "coordinates": [
          [
            [
              76.76,
              -69.36
            ],
            [
              76.84,
              -69.36
            ],
            [
              76.84,
              -69.28
            ],
            [
              76.76,
              -69.28
            ],
            [
              76.76,
              -69.36
            ]
          ]
        ]
      }
    },
    {
      "type": "Feature",
      "properties": {
        "cell_id": "GRID_22_09",
        "row": 9,
        "col": 22,
        "sea_ice_concentration": 72.8,
        "risk_level": "HIGH",
        "traversal_penalty": 8.28
      },
      "geometry": {
        "type": "Polygon",
        "coordinates": [
          [
            [
              76.76,
              -69.28
            ],
            [
              76.84,
              -69.28
            ],
            [
              76.84,
              -69.2
            ],
            [
              76.76,
              -69.2
            ],
            [
              76.76,
              -69.28
            ]
          ]
        ]
      }
    },
    {
      "type": "Feature",
      "properties": {
        "cell_id": "GRID_22_10",
        "row": 10,
        "col": 22,
        "sea_ice_concentration": 91.4,
        "risk_level": "EXTREME",
        "traversal_penalty": 10.14
      },
      "geometry": {
        "type": "Polygon",
        "coordinates": [
          [
            [
              76.76,
              -69.2
            ],
            [
              76.84,
              -69.2
            ],
            [
              76.84,
              -69.12
            ],
            [
              76.76,
              -69.12
            ],
            [
              76.76,
              -69.2
            ]
          ]
        ]
      }
    },
    {
      "type": "Feature",
      "properties": {
        "cell_id": "GRID_22_11",
        "row": 11,
        "col": 22,
        "sea_ice_concentration": 71.7,
        "risk_level": "HIGH",
        "traversal_penalty": 8.17
      },
      "geometry": {
        "type": "Polygon",
        "coordinates": [
          [
            [
              76.76,
              -69.12
            ],
            [
              76.84,
              -69.12
            ],
            [
              76.84,
              -69.04
            ],
            [
              76.76,
              -69.04
            ],
            [
              76.76,
              -69.12
            ]
          ]
        ]
      }
    },
    {
      "type": "Feature",
      "properties": {
        "cell_id": "GRID_22_12",
        "row": 12,
        "col": 22,
        "sea_ice_concentration": 72.8,
        "risk_level": "HIGH",
        "traversal_penalty": 8.28
      },
      "geometry": {
        "type": "Polygon",
        "coordinates": [
          [
            [
              76.76,
              -69.04
            ],
            [
              76.84,
              -69.04
            ],
            [
              76.84,
              -68.96
            ],
            [
              76.76,
              -68.96
            ],
            [
              76.76,
              -69.04
            ]
          ]
        ]
      }
    },
    {
      "type": "Feature",
      "properties": {
        "cell_id": "GRID_22_13",
        "row": 13,
        "col": 22,
        "sea_ice_concentration": 59.5,
        "risk_level": "HIGH",
        "traversal_penalty": 6.95
      },
      "geometry": {
        "type": "Polygon",
        "coordinates": [
          [
            [
              76.76,
              -68.96
            ],
            [
              76.84,
              -68.96
            ],
            [
              76.84,
              -68.88
            ],
            [
              76.76,
              -68.88
            ],
            [
              76.76,
              -68.96
            ]
          ]
        ]
      }
    },
    {
      "type": "Feature",
      "properties": {
        "cell_id": "GRID_22_14",
        "row": 14,
        "col": 22,
        "sea_ice_concentration": 61.4,
        "risk_level": "HIGH",
        "traversal_penalty": 7.14
      },
      "geometry": {
        "type": "Polygon",
        "coordinates": [
          [
            [
              76.76,
              -68.88
            ],
            [
              76.84,
              -68.88
            ],
            [
              76.84,
              -68.8
            ],
            [
              76.76,
              -68.8
            ],
            [
              76.76,
              -68.88
            ]
          ]
        ]
      }
    },
    {
      "type": "Feature",
      "properties": {
        "cell_id": "GRID_22_15",
        "row": 15,
        "col": 22,
        "sea_ice_concentration": 64.9,
        "risk_level": "HIGH",
        "traversal_penalty": 7.49
      },
      "geometry": {
        "type": "Polygon",
        "coordinates": [
          [
            [
              76.76,
              -68.8
            ],
            [
              76.84,
              -68.8
            ],
            [
              76.84,
              -68.72
            ],
            [
              76.76,
              -68.72
            ],
            [
              76.76,
              -68.8
            ]
          ]
        ]
      }
    },
    {
      "type": "Feature",
      "properties": {
        "cell_id": "GRID_22_16",
        "row": 16,
        "col": 22,
        "sea_ice_concentration": 56.2,
        "risk_level": "HIGH",
        "traversal_penalty": 6.62
      },
      "geometry": {
        "type": "Polygon",
        "coordinates": [
          [
            [
              76.76,
              -68.72
            ],
            [
              76.84,
              -68.72
            ],
            [
              76.84,
              -68.64
            ],
            [
              76.76,
              -68.64
            ],
            [
              76.76,
              -68.72
            ]
          ]
        ]
      }
    },
    {
      "type": "Feature",
      "properties": {
        "cell_id": "GRID_22_17",
        "row": 17,
        "col": 22,
        "sea_ice_concentration": 46.2,
        "risk_level": "MEDIUM",
        "traversal_penalty": 5.62
      },
      "geometry": {
        "type": "Polygon",
        "coordinates": [
          [
            [
              76.76,
              -68.64
            ],
            [
              76.84,
              -68.64
            ],
            [
              76.84,
              -68.56
            ],
            [
              76.76,
              -68.56
            ],
            [
              76.76,
              -68.64
            ]
          ]
        ]
      }
    },
    {
      "type": "Feature",
      "properties": {
        "cell_id": "GRID_22_18",
        "row": 18,
        "col": 22,
        "sea_ice_concentration": 59.7,
        "risk_level": "HIGH",
        "traversal_penalty": 6.97
      },
      "geometry": {
        "type": "Polygon",
        "coordinates": [
          [
            [
              76.76,
              -68.56
            ],
            [
              76.84,
              -68.56
            ],
            [
              76.84,
              -68.48
            ],
            [
              76.76,
              -68.48
            ],
            [
              76.76,
              -68.56
            ]
          ]
        ]
      }
    },
    {
      "type": "Feature",
      "properties": {
        "cell_id": "GRID_22_19",
        "row": 19,
        "col": 22,
        "sea_ice_concentration": 40.6,
        "risk_level": "MEDIUM",
        "traversal_penalty": 5.06
      },
      "geometry": {
        "type": "Polygon",
        "coordinates": [
          [
            [
              76.76,
              -68.48
            ],
            [
              76.84,
              -68.48
            ],
            [
              76.84,
              -68.4
            ],
            [
              76.76,
              -68.4
            ],
            [
              76.76,
              -68.48
            ]
          ]
        ]
      }
    },
    {
      "type": "Feature",
      "properties": {
        "cell_id": "GRID_22_20",
        "row": 20,
        "col": 22,
        "sea_ice_concentration": 47.2,
        "risk_level": "MEDIUM",
        "traversal_penalty": 5.72
      },
      "geometry": {
        "type": "Polygon",
        "coordinates": [
          [
            [
              76.76,
              -68.4
            ],
            [
              76.84,
              -68.4
            ],
            [
              76.84,
              -68.32
            ],
            [
              76.76,
              -68.32
            ],
            [
              76.76,
              -68.4
            ]
          ]
        ]
      }
    },
    {
      "type": "Feature",
      "properties": {
        "cell_id": "GRID_22_21",
        "row": 21,
        "col": 22,
        "sea_ice_concentration": 50.5,
        "risk_level": "MEDIUM",
        "traversal_penalty": 6.05
      },
      "geometry": {
        "type": "Polygon",
        "coordinates": [
          [
            [
              76.76,
              -68.32
            ],
            [
              76.84,
              -68.32
            ],
            [
              76.84,
              -68.24
            ],
            [
              76.76,
              -68.24
            ],
            [
              76.76,
              -68.32
            ]
          ]
        ]
      }
    },
    {
      "type": "Feature",
      "properties": {
        "cell_id": "GRID_22_22",
        "row": 22,
        "col": 22,
        "sea_ice_concentration": 29.1,
        "risk_level": "MEDIUM",
        "traversal_penalty": 3.91
      },
      "geometry": {
        "type": "Polygon",
        "coordinates": [
          [
            [
              76.76,
              -68.24
            ],
            [
              76.84,
              -68.24
            ],
            [
              76.84,
              -68.16
            ],
            [
              76.76,
              -68.16
            ],
            [
              76.76,
              -68.24
            ]
          ]
        ]
      }
    },
    {
      "type": "Feature",
      "properties": {
        "cell_id": "GRID_22_23",
        "row": 23,
        "col": 22,
        "sea_ice_concentration": 41.2,
        "risk_level": "MEDIUM",
        "traversal_penalty": 5.12
      },
      "geometry": {
        "type": "Polygon",
        "coordinates": [
          [
            [
              76.76,
              -68.16
            ],
            [
              76.84,
              -68.16
            ],
            [
              76.84,
              -68.08
            ],
            [
              76.76,
              -68.08
            ],
            [
              76.76,
              -68.16
            ]
          ]
        ]
      }
    },
    {
      "type": "Feature",
      "properties": {
        "cell_id": "GRID_22_24",
        "row": 24,
        "col": 22,
        "sea_ice_concentration": 31.7,
        "risk_level": "MEDIUM",
        "traversal_penalty": 4.17
      },
      "geometry": {
        "type": "Polygon",
        "coordinates": [
          [
            [
              76.76,
              -68.08
            ],
            [
              76.84,
              -68.08
            ],
            [
              76.84,
              -68.0
            ],
            [
              76.76,
              -68.0
            ],
            [
              76.76,
              -68.08
            ]
          ]
        ]
      }
    },
    {
      "type": "Feature",
      "properties": {
        "cell_id": "GRID_23_00",
        "row": 0,
        "col": 23,
        "sea_ice_concentration": 97.3,
        "risk_level": "EXTREME",
        "traversal_penalty": 10.73
      },
      "geometry": {
        "type": "Polygon",
        "coordinates": [
          [
            [
              76.84,
              -70.0
            ],
            [
              76.92,
              -70.0
            ],
            [
              76.92,
              -69.92
            ],
            [
              76.84,
              -69.92
            ],
            [
              76.84,
              -70.0
            ]
          ]
        ]
      }
    },
    {
      "type": "Feature",
      "properties": {
        "cell_id": "GRID_23_01",
        "row": 1,
        "col": 23,
        "sea_ice_concentration": 88.8,
        "risk_level": "EXTREME",
        "traversal_penalty": 9.88
      },
      "geometry": {
        "type": "Polygon",
        "coordinates": [
          [
            [
              76.84,
              -69.92
            ],
            [
              76.92,
              -69.92
            ],
            [
              76.92,
              -69.84
            ],
            [
              76.84,
              -69.84
            ],
            [
              76.84,
              -69.92
            ]
          ]
        ]
      }
    },
    {
      "type": "Feature",
      "properties": {
        "cell_id": "GRID_23_02",
        "row": 2,
        "col": 23,
        "sea_ice_concentration": 100,
        "risk_level": "EXTREME",
        "traversal_penalty": 11.0
      },
      "geometry": {
        "type": "Polygon",
        "coordinates": [
          [
            [
              76.84,
              -69.84
            ],
            [
              76.92,
              -69.84
            ],
            [
              76.92,
              -69.76
            ],
            [
              76.84,
              -69.76
            ],
            [
              76.84,
              -69.84
            ]
          ]
        ]
      }
    },
    {
      "type": "Feature",
      "properties": {
        "cell_id": "GRID_23_03",
        "row": 3,
        "col": 23,
        "sea_ice_concentration": 100,
        "risk_level": "EXTREME",
        "traversal_penalty": 11.0
      },
      "geometry": {
        "type": "Polygon",
        "coordinates": [
          [
            [
              76.84,
              -69.76
            ],
            [
              76.92,
              -69.76
            ],
            [
              76.92,
              -69.68
            ],
            [
              76.84,
              -69.68
            ],
            [
              76.84,
              -69.76
            ]
          ]
        ]
      }
    },
    {
      "type": "Feature",
      "properties": {
        "cell_id": "GRID_23_04",
        "row": 4,
        "col": 23,
        "sea_ice_concentration": 98.8,
        "risk_level": "EXTREME",
        "traversal_penalty": 10.88
      },
      "geometry": {
        "type": "Polygon",
        "coordinates": [
          [
            [
              76.84,
              -69.68
            ],
            [
              76.92,
              -69.68
            ],
            [
              76.92,
              -69.6
            ],
            [
              76.84,
              -69.6
            ],
            [
              76.84,
              -69.68
            ]
          ]
        ]
      }
    },
    {
      "type": "Feature",
      "properties": {
        "cell_id": "GRID_23_05",
        "row": 5,
        "col": 23,
        "sea_ice_concentration": 100,
        "risk_level": "EXTREME",
        "traversal_penalty": 11.0
      },
      "geometry": {
        "type": "Polygon",
        "coordinates": [
          [
            [
              76.84,
              -69.6
            ],
            [
              76.92,
              -69.6
            ],
            [
              76.92,
              -69.52
            ],
            [
              76.84,
              -69.52
            ],
            [
              76.84,
              -69.6
            ]
          ]
        ]
      }
    },
    {
      "type": "Feature",
      "properties": {
        "cell_id": "GRID_23_06",
        "row": 6,
        "col": 23,
        "sea_ice_concentration": 92.1,
        "risk_level": "EXTREME",
        "traversal_penalty": 10.21
      },
      "geometry": {
        "type": "Polygon",
        "coordinates": [
          [
            [
              76.84,
              -69.52
            ],
            [
              76.92,
              -69.52
            ],
            [
              76.92,
              -69.44
            ],
            [
              76.84,
              -69.44
            ],
            [
              76.84,
              -69.52
            ]
          ]
        ]
      }
    },
    {
      "type": "Feature",
      "properties": {
        "cell_id": "GRID_23_07",
        "row": 7,
        "col": 23,
        "sea_ice_concentration": 100,
        "risk_level": "EXTREME",
        "traversal_penalty": 11.0
      },
      "geometry": {
        "type": "Polygon",
        "coordinates": [
          [
            [
              76.84,
              -69.44
            ],
            [
              76.92,
              -69.44
            ],
            [
              76.92,
              -69.36
            ],
            [
              76.84,
              -69.36
            ],
            [
              76.84,
              -69.44
            ]
          ]
        ]
      }
    },
    {
      "type": "Feature",
      "properties": {
        "cell_id": "GRID_23_08",
        "row": 8,
        "col": 23,
        "sea_ice_concentration": 80.1,
        "risk_level": "EXTREME",
        "traversal_penalty": 9.01
      },
      "geometry": {
        "type": "Polygon",
        "coordinates": [
          [
            [
              76.84,
              -69.36
            ],
            [
              76.92,
              -69.36
            ],
            [
              76.92,
              -69.28
            ],
            [
              76.84,
              -69.28
            ],
            [
              76.84,
              -69.36
            ]
          ]
        ]
      }
    },
    {
      "type": "Feature",
      "properties": {
        "cell_id": "GRID_23_09",
        "row": 9,
        "col": 23,
        "sea_ice_concentration": 76.2,
        "risk_level": "HIGH",
        "traversal_penalty": 8.62
      },
      "geometry": {
        "type": "Polygon",
        "coordinates": [
          [
            [
              76.84,
              -69.28
            ],
            [
              76.92,
              -69.28
            ],
            [
              76.92,
              -69.2
            ],
            [
              76.84,
              -69.2
            ],
            [
              76.84,
              -69.28
            ]
          ]
        ]
      }
    },
    {
      "type": "Feature",
      "properties": {
        "cell_id": "GRID_23_10",
        "row": 10,
        "col": 23,
        "sea_ice_concentration": 91.0,
        "risk_level": "EXTREME",
        "traversal_penalty": 10.1
      },
      "geometry": {
        "type": "Polygon",
        "coordinates": [
          [
            [
              76.84,
              -69.2
            ],
            [
              76.92,
              -69.2
            ],
            [
              76.92,
              -69.12
            ],
            [
              76.84,
              -69.12
            ],
            [
              76.84,
              -69.2
            ]
          ]
        ]
      }
    },
    {
      "type": "Feature",
      "properties": {
        "cell_id": "GRID_23_11",
        "row": 11,
        "col": 23,
        "sea_ice_concentration": 86.2,
        "risk_level": "EXTREME",
        "traversal_penalty": 9.62
      },
      "geometry": {
        "type": "Polygon",
        "coordinates": [
          [
            [
              76.84,
              -69.12
            ],
            [
              76.92,
              -69.12
            ],
            [
              76.92,
              -69.04
            ],
            [
              76.84,
              -69.04
            ],
            [
              76.84,
              -69.12
            ]
          ]
        ]
      }
    },
    {
      "type": "Feature",
      "properties": {
        "cell_id": "GRID_23_12",
        "row": 12,
        "col": 23,
        "sea_ice_concentration": 79.0,
        "risk_level": "HIGH",
        "traversal_penalty": 8.9
      },
      "geometry": {
        "type": "Polygon",
        "coordinates": [
          [
            [
              76.84,
              -69.04
            ],
            [
              76.92,
              -69.04
            ],
            [
              76.92,
              -68.96
            ],
            [
              76.84,
              -68.96
            ],
            [
              76.84,
              -69.04
            ]
          ]
        ]
      }
    },
    {
      "type": "Feature",
      "properties": {
        "cell_id": "GRID_23_13",
        "row": 13,
        "col": 23,
        "sea_ice_concentration": 72.6,
        "risk_level": "HIGH",
        "traversal_penalty": 8.26
      },
      "geometry": {
        "type": "Polygon",
        "coordinates": [
          [
            [
              76.84,
              -68.96
            ],
            [
              76.92,
              -68.96
            ],
            [
              76.92,
              -68.88
            ],
            [
              76.84,
              -68.88
            ],
            [
              76.84,
              -68.96
            ]
          ]
        ]
      }
    },
    {
      "type": "Feature",
      "properties": {
        "cell_id": "GRID_23_14",
        "row": 14,
        "col": 23,
        "sea_ice_concentration": 59.1,
        "risk_level": "HIGH",
        "traversal_penalty": 6.91
      },
      "geometry": {
        "type": "Polygon",
        "coordinates": [
          [
            [
              76.84,
              -68.88
            ],
            [
              76.92,
              -68.88
            ],
            [
              76.92,
              -68.8
            ],
            [
              76.84,
              -68.8
            ],
            [
              76.84,
              -68.88
            ]
          ]
        ]
      }
    },
    {
      "type": "Feature",
      "properties": {
        "cell_id": "GRID_23_15",
        "row": 15,
        "col": 23,
        "sea_ice_concentration": 61.6,
        "risk_level": "HIGH",
        "traversal_penalty": 7.16
      },
      "geometry": {
        "type": "Polygon",
        "coordinates": [
          [
            [
              76.84,
              -68.8
            ],
            [
              76.92,
              -68.8
            ],
            [
              76.92,
              -68.72
            ],
            [
              76.84,
              -68.72
            ],
            [
              76.84,
              -68.8
            ]
          ]
        ]
      }
    },
    {
      "type": "Feature",
      "properties": {
        "cell_id": "GRID_23_16",
        "row": 16,
        "col": 23,
        "sea_ice_concentration": 54.6,
        "risk_level": "MEDIUM",
        "traversal_penalty": 6.46
      },
      "geometry": {
        "type": "Polygon",
        "coordinates": [
          [
            [
              76.84,
              -68.72
            ],
            [
              76.92,
              -68.72
            ],
            [
              76.92,
              -68.64
            ],
            [
              76.84,
              -68.64
            ],
            [
              76.84,
              -68.72
            ]
          ]
        ]
      }
    },
    {
      "type": "Feature",
      "properties": {
        "cell_id": "GRID_23_17",
        "row": 17,
        "col": 23,
        "sea_ice_concentration": 60.6,
        "risk_level": "HIGH",
        "traversal_penalty": 7.06
      },
      "geometry": {
        "type": "Polygon",
        "coordinates": [
          [
            [
              76.84,
              -68.64
            ],
            [
              76.92,
              -68.64
            ],
            [
              76.92,
              -68.56
            ],
            [
              76.84,
              -68.56
            ],
            [
              76.84,
              -68.64
            ]
          ]
        ]
      }
    },
    {
      "type": "Feature",
      "properties": {
        "cell_id": "GRID_23_18",
        "row": 18,
        "col": 23,
        "sea_ice_concentration": 59.9,
        "risk_level": "HIGH",
        "traversal_penalty": 6.99
      },
      "geometry": {
        "type": "Polygon",
        "coordinates": [
          [
            [
              76.84,
              -68.56
            ],
            [
              76.92,
              -68.56
            ],
            [
              76.92,
              -68.48
            ],
            [
              76.84,
              -68.48
            ],
            [
              76.84,
              -68.56
            ]
          ]
        ]
      }
    },
    {
      "type": "Feature",
      "properties": {
        "cell_id": "GRID_23_19",
        "row": 19,
        "col": 23,
        "sea_ice_concentration": 58.8,
        "risk_level": "HIGH",
        "traversal_penalty": 6.88
      },
      "geometry": {
        "type": "Polygon",
        "coordinates": [
          [
            [
              76.84,
              -68.48
            ],
            [
              76.92,
              -68.48
            ],
            [
              76.92,
              -68.4
            ],
            [
              76.84,
              -68.4
            ],
            [
              76.84,
              -68.48
            ]
          ]
        ]
      }
    },
    {
      "type": "Feature",
      "properties": {
        "cell_id": "GRID_23_20",
        "row": 20,
        "col": 23,
        "sea_ice_concentration": 54.1,
        "risk_level": "MEDIUM",
        "traversal_penalty": 6.41
      },
      "geometry": {
        "type": "Polygon",
        "coordinates": [
          [
            [
              76.84,
              -68.4
            ],
            [
              76.92,
              -68.4
            ],
            [
              76.92,
              -68.32
            ],
            [
              76.84,
              -68.32
            ],
            [
              76.84,
              -68.4
            ]
          ]
        ]
      }
    },
    {
      "type": "Feature",
      "properties": {
        "cell_id": "GRID_23_21",
        "row": 21,
        "col": 23,
        "sea_ice_concentration": 51.8,
        "risk_level": "MEDIUM",
        "traversal_penalty": 6.18
      },
      "geometry": {
        "type": "Polygon",
        "coordinates": [
          [
            [
              76.84,
              -68.32
            ],
            [
              76.92,
              -68.32
            ],
            [
              76.92,
              -68.24
            ],
            [
              76.84,
              -68.24
            ],
            [
              76.84,
              -68.32
            ]
          ]
        ]
      }
    },
    {
      "type": "Feature",
      "properties": {
        "cell_id": "GRID_23_22",
        "row": 22,
        "col": 23,
        "sea_ice_concentration": 33.8,
        "risk_level": "MEDIUM",
        "traversal_penalty": 4.38
      },
      "geometry": {
        "type": "Polygon",
        "coordinates": [
          [
            [
              76.84,
              -68.24
            ],
            [
              76.92,
              -68.24
            ],
            [
              76.92,
              -68.16
            ],
            [
              76.84,
              -68.16
            ],
            [
              76.84,
              -68.24
            ]
          ]
        ]
      }
    },
    {
      "type": "Feature",
      "properties": {
        "cell_id": "GRID_23_23",
        "row": 23,
        "col": 23,
        "sea_ice_concentration": 31.0,
        "risk_level": "MEDIUM",
        "traversal_penalty": 4.1
      },
      "geometry": {
        "type": "Polygon",
        "coordinates": [
          [
            [
              76.84,
              -68.16
            ],
            [
              76.92,
              -68.16
            ],
            [
              76.92,
              -68.08
            ],
            [
              76.84,
              -68.08
            ],
            [
              76.84,
              -68.16
            ]
          ]
        ]
      }
    },
    {
      "type": "Feature",
      "properties": {
        "cell_id": "GRID_23_24",
        "row": 24,
        "col": 23,
        "sea_ice_concentration": 27.9,
        "risk_level": "MEDIUM",
        "traversal_penalty": 3.79
      },
      "geometry": {
        "type": "Polygon",
        "coordinates": [
          [
            [
              76.84,
              -68.08
            ],
            [
              76.92,
              -68.08
            ],
            [
              76.92,
              -68.0
            ],
            [
              76.84,
              -68.0
            ],
            [
              76.84,
              -68.08
            ]
          ]
        ]
      }
    },
    {
      "type": "Feature",
      "properties": {
        "cell_id": "GRID_24_00",
        "row": 0,
        "col": 24,
        "sea_ice_concentration": 97.3,
        "risk_level": "EXTREME",
        "traversal_penalty": 10.73
      },
      "geometry": {
        "type": "Polygon",
        "coordinates": [
          [
            [
              76.92,
              -70.0
            ],
            [
              77.0,
              -70.0
            ],
            [
              77.0,
              -69.92
            ],
            [
              76.92,
              -69.92
            ],
            [
              76.92,
              -70.0
            ]
          ]
        ]
      }
    },
    {
      "type": "Feature",
      "properties": {
        "cell_id": "GRID_24_01",
        "row": 1,
        "col": 24,
        "sea_ice_concentration": 93.6,
        "risk_level": "EXTREME",
        "traversal_penalty": 10.36
      },
      "geometry": {
        "type": "Polygon",
        "coordinates": [
          [
            [
              76.92,
              -69.92
            ],
            [
              77.0,
              -69.92
            ],
            [
              77.0,
              -69.84
            ],
            [
              76.92,
              -69.84
            ],
            [
              76.92,
              -69.92
            ]
          ]
        ]
      }
    },
    {
      "type": "Feature",
      "properties": {
        "cell_id": "GRID_24_02",
        "row": 2,
        "col": 24,
        "sea_ice_concentration": 100,
        "risk_level": "EXTREME",
        "traversal_penalty": 11.0
      },
      "geometry": {
        "type": "Polygon",
        "coordinates": [
          [
            [
              76.92,
              -69.84
            ],
            [
              77.0,
              -69.84
            ],
            [
              77.0,
              -69.76
            ],
            [
              76.92,
              -69.76
            ],
            [
              76.92,
              -69.84
            ]
          ]
        ]
      }
    },
    {
      "type": "Feature",
      "properties": {
        "cell_id": "GRID_24_03",
        "row": 3,
        "col": 24,
        "sea_ice_concentration": 94.1,
        "risk_level": "EXTREME",
        "traversal_penalty": 10.41
      },
      "geometry": {
        "type": "Polygon",
        "coordinates": [
          [
            [
              76.92,
              -69.76
            ],
            [
              77.0,
              -69.76
            ],
            [
              77.0,
              -69.68
            ],
            [
              76.92,
              -69.68
            ],
            [
              76.92,
              -69.76
            ]
          ]
        ]
      }
    },
    {
      "type": "Feature",
      "properties": {
        "cell_id": "GRID_24_04",
        "row": 4,
        "col": 24,
        "sea_ice_concentration": 100,
        "risk_level": "EXTREME",
        "traversal_penalty": 11.0
      },
      "geometry": {
        "type": "Polygon",
        "coordinates": [
          [
            [
              76.92,
              -69.68
            ],
            [
              77.0,
              -69.68
            ],
            [
              77.0,
              -69.6
            ],
            [
              76.92,
              -69.6
            ],
            [
              76.92,
              -69.68
            ]
          ]
        ]
      }
    },
    {
      "type": "Feature",
      "properties": {
        "cell_id": "GRID_24_05",
        "row": 5,
        "col": 24,
        "sea_ice_concentration": 95.3,
        "risk_level": "EXTREME",
        "traversal_penalty": 10.53
      },
      "geometry": {
        "type": "Polygon",
        "coordinates": [
          [
            [
              76.92,
              -69.6
            ],
            [
              77.0,
              -69.6
            ],
            [
              77.0,
              -69.52
            ],
            [
              76.92,
              -69.52
            ],
            [
              76.92,
              -69.6
            ]
          ]
        ]
      }
    },
    {
      "type": "Feature",
      "properties": {
        "cell_id": "GRID_24_06",
        "row": 6,
        "col": 24,
        "sea_ice_concentration": 99.3,
        "risk_level": "EXTREME",
        "traversal_penalty": 10.93
      },
      "geometry": {
        "type": "Polygon",
        "coordinates": [
          [
            [
              76.92,
              -69.52
            ],
            [
              77.0,
              -69.52
            ],
            [
              77.0,
              -69.44
            ],
            [
              76.92,
              -69.44
            ],
            [
              76.92,
              -69.52
            ]
          ]
        ]
      }
    },
    {
      "type": "Feature",
      "properties": {
        "cell_id": "GRID_24_07",
        "row": 7,
        "col": 24,
        "sea_ice_concentration": 95.5,
        "risk_level": "EXTREME",
        "traversal_penalty": 10.55
      },
      "geometry": {
        "type": "Polygon",
        "coordinates": [
          [
            [
              76.92,
              -69.44
            ],
            [
              77.0,
              -69.44
            ],
            [
              77.0,
              -69.36
            ],
            [
              76.92,
              -69.36
            ],
            [
              76.92,
              -69.44
            ]
          ]
        ]
      }
    },
    {
      "type": "Feature",
      "properties": {
        "cell_id": "GRID_24_08",
        "row": 8,
        "col": 24,
        "sea_ice_concentration": 83.8,
        "risk_level": "EXTREME",
        "traversal_penalty": 9.38
      },
      "geometry": {
        "type": "Polygon",
        "coordinates": [
          [
            [
              76.92,
              -69.36
            ],
            [
              77.0,
              -69.36
            ],
            [
              77.0,
              -69.28
            ],
            [
              76.92,
              -69.28
            ],
            [
              76.92,
              -69.36
            ]
          ]
        ]
      }
    },
    {
      "type": "Feature",
      "properties": {
        "cell_id": "GRID_24_09",
        "row": 9,
        "col": 24,
        "sea_ice_concentration": 85.1,
        "risk_level": "EXTREME",
        "traversal_penalty": 9.51
      },
      "geometry": {
        "type": "Polygon",
        "coordinates": [
          [
            [
              76.92,
              -69.28
            ],
            [
              77.0,
              -69.28
            ],
            [
              77.0,
              -69.2
            ],
            [
              76.92,
              -69.2
            ],
            [
              76.92,
              -69.28
            ]
          ]
        ]
      }
    },
    {
      "type": "Feature",
      "properties": {
        "cell_id": "GRID_24_10",
        "row": 10,
        "col": 24,
        "sea_ice_concentration": 77.5,
        "risk_level": "HIGH",
        "traversal_penalty": 8.75
      },
      "geometry": {
        "type": "Polygon",
        "coordinates": [
          [
            [
              76.92,
              -69.2
            ],
            [
              77.0,
              -69.2
            ],
            [
              77.0,
              -69.12
            ],
            [
              76.92,
              -69.12
            ],
            [
              76.92,
              -69.2
            ]
          ]
        ]
      }
    },
    {
      "type": "Feature",
      "properties": {
        "cell_id": "GRID_24_11",
        "row": 11,
        "col": 24,
        "sea_ice_concentration": 80.8,
        "risk_level": "EXTREME",
        "traversal_penalty": 9.08
      },
      "geometry": {
        "type": "Polygon",
        "coordinates": [
          [
            [
              76.92,
              -69.12
            ],
            [
              77.0,
              -69.12
            ],
            [
              77.0,
              -69.04
            ],
            [
              76.92,
              -69.04
            ],
            [
              76.92,
              -69.12
            ]
          ]
        ]
      }
    },
    {
      "type": "Feature",
      "properties": {
        "cell_id": "GRID_24_12",
        "row": 12,
        "col": 24,
        "sea_ice_concentration": 61.6,
        "risk_level": "HIGH",
        "traversal_penalty": 7.16
      },
      "geometry": {
        "type": "Polygon",
        "coordinates": [
          [
            [
              76.92,
              -69.04
            ],
            [
              77.0,
              -69.04
            ],
            [
              77.0,
              -68.96
            ],
            [
              76.92,
              -68.96
            ],
            [
              76.92,
              -69.04
            ]
          ]
        ]
      }
    },
    {
      "type": "Feature",
      "properties": {
        "cell_id": "GRID_24_13",
        "row": 13,
        "col": 24,
        "sea_ice_concentration": 63.3,
        "risk_level": "HIGH",
        "traversal_penalty": 7.33
      },
      "geometry": {
        "type": "Polygon",
        "coordinates": [
          [
            [
              76.92,
              -68.96
            ],
            [
              77.0,
              -68.96
            ],
            [
              77.0,
              -68.88
            ],
            [
              76.92,
              -68.88
            ],
            [
              76.92,
              -68.96
            ]
          ]
        ]
      }
    },
    {
      "type": "Feature",
      "properties": {
        "cell_id": "GRID_24_14",
        "row": 14,
        "col": 24,
        "sea_ice_concentration": 62.9,
        "risk_level": "HIGH",
        "traversal_penalty": 7.29
      },
      "geometry": {
        "type": "Polygon",
        "coordinates": [
          [
            [
              76.92,
              -68.88
            ],
            [
              77.0,
              -68.88
            ],
            [
              77.0,
              -68.8
            ],
            [
              76.92,
              -68.8
            ],
            [
              76.92,
              -68.88
            ]
          ]
        ]
      }
    },
    {
      "type": "Feature",
      "properties": {
        "cell_id": "GRID_24_15",
        "row": 15,
        "col": 24,
        "sea_ice_concentration": 63.0,
        "risk_level": "HIGH",
        "traversal_penalty": 7.3
      },
      "geometry": {
        "type": "Polygon",
        "coordinates": [
          [
            [
              76.92,
              -68.8
            ],
            [
              77.0,
              -68.8
            ],
            [
              77.0,
              -68.72
            ],
            [
              76.92,
              -68.72
            ],
            [
              76.92,
              -68.8
            ]
          ]
        ]
      }
    },
    {
      "type": "Feature",
      "properties": {
        "cell_id": "GRID_24_16",
        "row": 16,
        "col": 24,
        "sea_ice_concentration": 46.8,
        "risk_level": "MEDIUM",
        "traversal_penalty": 5.68
      },
      "geometry": {
        "type": "Polygon",
        "coordinates": [
          [
            [
              76.92,
              -68.72
            ],
            [
              77.0,
              -68.72
            ],
            [
              77.0,
              -68.64
            ],
            [
              76.92,
              -68.64
            ],
            [
              76.92,
              -68.72
            ]
          ]
        ]
      }
    },
    {
      "type": "Feature",
      "properties": {
        "cell_id": "GRID_24_17",
        "row": 17,
        "col": 24,
        "sea_ice_concentration": 66.2,
        "risk_level": "HIGH",
        "traversal_penalty": 7.62
      },
      "geometry": {
        "type": "Polygon",
        "coordinates": [
          [
            [
              76.92,
              -68.64
            ],
            [
              77.0,
              -68.64
            ],
            [
              77.0,
              -68.56
            ],
            [
              76.92,
              -68.56
            ],
            [
              76.92,
              -68.64
            ]
          ]
        ]
      }
    },
    {
      "type": "Feature",
      "properties": {
        "cell_id": "GRID_24_18",
        "row": 18,
        "col": 24,
        "sea_ice_concentration": 42.8,
        "risk_level": "MEDIUM",
        "traversal_penalty": 5.28
      },
      "geometry": {
        "type": "Polygon",
        "coordinates": [
          [
            [
              76.92,
              -68.56
            ],
            [
              77.0,
              -68.56
            ],
            [
              77.0,
              -68.48
            ],
            [
              76.92,
              -68.48
            ],
            [
              76.92,
              -68.56
            ]
          ]
        ]
      }
    },
    {
      "type": "Feature",
      "properties": {
        "cell_id": "GRID_24_19",
        "row": 19,
        "col": 24,
        "sea_ice_concentration": 52.4,
        "risk_level": "MEDIUM",
        "traversal_penalty": 6.24
      },
      "geometry": {
        "type": "Polygon",
        "coordinates": [
          [
            [
              76.92,
              -68.48
            ],
            [
              77.0,
              -68.48
            ],
            [
              77.0,
              -68.4
            ],
            [
              76.92,
              -68.4
            ],
            [
              76.92,
              -68.48
            ]
          ]
        ]
      }
    },
    {
      "type": "Feature",
      "properties": {
        "cell_id": "GRID_24_20",
        "row": 20,
        "col": 24,
        "sea_ice_concentration": 41.5,
        "risk_level": "MEDIUM",
        "traversal_penalty": 5.15
      },
      "geometry": {
        "type": "Polygon",
        "coordinates": [
          [
            [
              76.92,
              -68.4
            ],
            [
              77.0,
              -68.4
            ],
            [
              77.0,
              -68.32
            ],
            [
              76.92,
              -68.32
            ],
            [
              76.92,
              -68.4
            ]
          ]
        ]
      }
    },
    {
      "type": "Feature",
      "properties": {
        "cell_id": "GRID_24_21",
        "row": 21,
        "col": 24,
        "sea_ice_concentration": 49.9,
        "risk_level": "MEDIUM",
        "traversal_penalty": 5.99
      },
      "geometry": {
        "type": "Polygon",
        "coordinates": [
          [
            [
              76.92,
              -68.32
            ],
            [
              77.0,
              -68.32
            ],
            [
              77.0,
              -68.24
            ],
            [
              76.92,
              -68.24
            ],
            [
              76.92,
              -68.32
            ]
          ]
        ]
      }
    },
    {
      "type": "Feature",
      "properties": {
        "cell_id": "GRID_24_22",
        "row": 22,
        "col": 24,
        "sea_ice_concentration": 28.3,
        "risk_level": "MEDIUM",
        "traversal_penalty": 3.83
      },
      "geometry": {
        "type": "Polygon",
        "coordinates": [
          [
            [
              76.92,
              -68.24
            ],
            [
              77.0,
              -68.24
            ],
            [
              77.0,
              -68.16
            ],
            [
              76.92,
              -68.16
            ],
            [
              76.92,
              -68.24
            ]
          ]
        ]
      }
    },
    {
      "type": "Feature",
      "properties": {
        "cell_id": "GRID_24_23",
        "row": 23,
        "col": 24,
        "sea_ice_concentration": 40.8,
        "risk_level": "MEDIUM",
        "traversal_penalty": 5.08
      },
      "geometry": {
        "type": "Polygon",
        "coordinates": [
          [
            [
              76.92,
              -68.16
            ],
            [
              77.0,
              -68.16
            ],
            [
              77.0,
              -68.08
            ],
            [
              76.92,
              -68.08
            ],
            [
              76.92,
              -68.16
            ]
          ]
        ]
      }
    },
    {
      "type": "Feature",
      "properties": {
        "cell_id": "GRID_24_24",
        "row": 24,
        "col": 24,
        "sea_ice_concentration": 24.4,
        "risk_level": "LOW",
        "traversal_penalty": 3.44
      },
      "geometry": {
        "type": "Polygon",
        "coordinates": [
          [
            [
              76.92,
              -68.08
            ],
            [
              77.0,
              -68.08
            ],
            [
              77.0,
              -68.0
            ],
            [
              76.92,
              -68.0
            ],
            [
              76.92,
              -68.08
            ]
          ]
        ]
      }
    }
  ]
}